parental genotype,generation,dob,exposure,concentration (ug/L),transgene (Y/N),plate,well,hatched (dpf),missing,mortality (dpf),deformity (dpf),heart rate (bpm),"1dpf Mean [GFP 469,525]","1dpf Min [GFP 469,525]","1dpf Max [GFP 469,525]","1dpf Std Dev [GFP 469,525]","1dpf CV [GFP 469,525]","1dpf Saturated Pixels Pct [GFP 469,525]","1dpf Total Intensity [GFP 469,525]","2dpf Mean [GFP 469,525]","2dpf Min [GFP 469,525]","2dpf Max [GFP 469,525]","2dpf Std Dev [GFP 469,525]","2dpf CV [GFP 469,525]","2dpf Saturated Pixels Pct [GFP 469,525]","2dpf Total Intensity [GFP 469,525]","3dpf Mean [GFP 469,525]","3dpf Min [GFP 469,525]","3dpf Max [GFP 469,525]","3dpf Std Dev [GFP 469,525]","3dpf CV [GFP 469,525]","3dpf Saturated Pixels Pct [GFP 469,525]","3dpf Total Intensity [GFP 469,525]","4dpf Mean [GFP 469,525]","4dpf Min [GFP 469,525]","4dpf Max [GFP 469,525]","4dpf Std Dev [GFP 469,525]","4dpf CV [GFP 469,525]","4dpf Saturated Pixels Pct [GFP 469,525]","4dpf Total Intensity [GFP 469,525]","5dpf Mean [GFP 469,525]","5dpf Min [GFP 469,525]","5dpf Max [GFP 469,525]","5dpf Std Dev [GFP 469,525]","5dpf CV [GFP 469,525]","5dpf Saturated Pixels Pct [GFP 469,525]","5dpf Total Intensity [GFP 469,525]","6dpf Mean [GFP 469,525]","6dpf Min [GFP 469,525]","6dpf Max [GFP 469,525]","6dpf Std Dev [GFP 469,525]","6dpf CV [GFP 469,525]","6dpf Saturated Pixels Pct [GFP 469,525]","6dpf Total Intensity [GFP 469,525]","7dpf Mean [GFP 469,525]","7dpf Min [GFP 469,525]","7dpf Max [GFP 469,525]","7dpf Std Dev [GFP 469,525]","7dpf CV [GFP 469,525]","7dpf Saturated Pixels Pct [GFP 469,525]","7dpf Total Intensity [GFP 469,525]","8dpf Mean [GFP 469,525]","8dpf Min [GFP 469,525]","8dpf Max [GFP 469,525]","8dpf Std Dev [GFP 469,525]","8dpf CV [GFP 469,525]","8dpf Saturated Pixels Pct [GFP 469,525]","8dpf Total Intensity [GFP 469,525]","9dpf Mean [GFP 469,525]","9dpf Min [GFP 469,525]","9dpf Max [GFP 469,525]","9dpf Std Dev [GFP 469,525]","9dpf CV [GFP 469,525]","9dpf Saturated Pixels Pct [GFP 469,525]","9dpf Total Intensity [GFP 469,525]","10dpf Mean [GFP 469,525]","10dpf Min [GFP 469,525]","10dpf Max [GFP 469,525]","10dpf Std Dev [GFP 469,525]","10dpf CV [GFP 469,525]","10dpf Saturated Pixels Pct [GFP 469,525]","10dpf Total Intensity [GFP 469,525]"
TRAR11xAB,F2,2026-03-22,BPS,0,N,1,A1,3,,,,,1933,1,15359,1234,63.854,0,4293261819,,,,,,,,,,,,,,,,,,,,,,,,,,,,,1395,1,65504,5431,389.3,0.108,3099117970,,,,,,,,,,,,,,,,,,,,,,,,,,,,
TRAR11xAB,F2,2026-03-22,BPS,0,Y,1,A2,3,,12,,,3562,1,65443,6867,192.783,0.006,7913126601,,,,,,,,,,,,,,,,,,,,,,,,,,,,,1304,1,65504,3513,269.396,0.002,2896572163,,,,,,,,,,,,,,,,,,,,,,,,,,,,
TRAR11xAB,F2,2026-03-22,BPS,0,Y,1,A3,3,,14,,120,2357,1,39666,4336,183.979,0,5235720245,,,,,,,,,,,,,,,,,,,,,,,,,,,,,1596,1,65504,4639,290.671,0.012,3545090934,,,,,,,,,,,,,,,,,,,,,,,,,,,,
TRAR11xAB,F2,2026-03-22,BPS,0,Y,1,A4,3,,11,,,2506,1,50506,4759,189.942,0,5565986864,,,,,,,,,,,,,,,,,,,,,,,,,,,,,1083,1,65504,3709,342.391,0.008,2406210951,,,,,,,,,,,,,,,,,,,,,,,,,,,,
TRAR11xAB,F2,2026-03-22,BPS,0,Y,1,B1,3,,11,,,3079,1,44210,5573,181.015,0,6839077290,,,,,,,,,,,,,,,,,,,,,,,,,,,,,1366,1,65504,3730,273.059,0.017,3034765173,,,,,,,,,,,,,,,,,,,,,,,,,,,,
TRAR11xAB,F2,2026-03-22,BPS,0,Y,1,B2,3,,12,,,1570,1,13767,1088,69.3,0,3488124159,,,,,,,,,,,,,,,,,,,,,,,,,,,,,,,,,,,,,,,,,,,,,,,,,,,,,,,,,,,,,,,
TRAR11xAB,F2,2026-03-22,BPS,0,Y,1,B3,3,,14,,114,2642,1,41588,4274,161.781,0,5868117671,,,,,,,,,,,,,,,,,,,,,,,,,,,,,741,1,33744,1932,260.845,0,1645389403,,,,,,,,,,,,,,,,,,,,,,,,,,,,
TRAR11xAB,F2,2026-03-22,BPS,0,Y,1,B4,3,,13,,,2020,1,23483,1338,66.269,0,4486629391,,,,,,,,,,,,,,,,,,,,,,,,,,,,,792,1,65504,2424,306.047,0,1759184698,,,,,,,,,,,,,,,,,,,,,,,,,,,,
TRAR11xAB,F2,2026-03-22,BPS,0,N,1,C1,2,,,,138,1766,1,10196,1107,62.658,0,3922928058,,,,,,,,,,,,,,,,,,,,,,,,,,,,,781,1,46474,2646,338.787,0,1735133992,,,,,,,,,,,,,,,,,,,,,,,,,,,,
TRAR11xAB,F2,2026-03-22,BPS,0,N,1,C2,3,,13,,,2509,1,28737,2832,112.893,0,5573026047,,,,,,,,,,,,,,,,,,,,,,,,,,,,,1733,1,65504,6056,349.479,0.077,3849195803,,,,,,,,,,,,,,,,,,,,,,,,,,,,
TRAR11xAB,F2,2026-03-22,BPS,0,Y,1,C3,3,12,,,120,3357,1,56127,6100,181.689,0,7457588641,,,,,,,,,,,,,,,,,,,,,,,,,,,,,1407,1,65504,3598,255.775,0,3124800705,,,,,,,,,,,,,,,,,,,,,,,,,,,,
TRAR11xAB,F2,2026-03-22,BPS,0,Y,1,C4,3,,,,,1978,1,11700,1271,64.266,0,4393716551,,,,,,,,,,,,,,,,,,,,,,,,,,,,,1111,1,65504,5182,466.346,0.062,2468165481,,,,,,,,,,,,,,,,,,,,,,,,,,,,
TRAR11xAB,F2,2026-03-22,BPS,0.035,Y,2,A1,3,,12,,,2481,1,59255,1990,80.184,0.001,5511715451,,,,,,,,,,,,,,,,,,,,,,,,,,,,,1102,1,65504,3691,334.82,0.001,2448735400,,,,,,,,,,,,,,,,,,,,,,,,,,,,
TRAR11xAB,F2,2026-03-22,BPS,0.035,N,2,A2,3,,13,,150,2127,1,19580,2204,103.646,0,4724699315,,,,,,,,,,,,,,,,,,,,,,,,,,,,,1418,1,65504,4729,333.469,0.048,3149869695,,,,,,,,,,,,,,,,,,,,,,,,,,,,
TRAR11xAB,F2,2026-03-22,BPS,0.035,Y,2,A3,3,,12,,156,2171,1,31884,3213,148.023,0,4821828204,,,,,,,,,,,,,,,,,,,,,,,,,,,,,1412,1,65504,4490,317.958,0.028,3136669596,,,,,,,,,,,,,,,,,,,,,,,,,,,,
TRAR11xAB,F2,2026-03-22,BPS,0.035,N,2,A4,3,12,,,,2322,1,27493,2760,118.864,0,5158417679,,,,,,,,,,,,,,,,,,,,,,,,,,,,,1014,1,47606,2115,208.445,0,2253540711,,,,,,,,,,,,,,,,,,,,,,,,,,,,
TRAR11xAB,F2,2026-03-22,BPS,0.035,Y,2,B1,3,,14,,144,2039,1,14878,1145,56.155,0,4530114237,,,,,,,,,,,,,,,,,,,,,,,,,,,,,751,1,65504,2284,304.11,0,1668269151,,,,,,,,,,,,,,,,,,,,,,,,,,,,
TRAR11xAB,F2,2026-03-22,BPS,0.035,Y,2,B2,3,,13,,,3393,1,49728,5932,174.866,0,7536093143,,,,,,,,,,,,,,,,,,,,,,,,,,,,,1791,1,65504,5575,311.242,0.044,3978744689,,,,,,,,,,,,,,,,,,,,,,,,,,,,
TRAR11xAB,F2,2026-03-22,BPS,0.035,,2,B3,3,,11,,,2675,1,43264,4370,163.401,0,5941311556,,,,,,,,,,,,,,,,,,,,,,,,,,,,,,,,,,,,,,,,,,,,,,,,,,,,,,,,,,,,,,,
TRAR11xAB,F2,2026-03-22,BPS,0.035,Y,2,B4,3,,11,,,2628,1,29008,3762,143.141,0,5838382561,,,,,,,,,,,,,,,,,,,,,,,,,,,,,1992,1,65504,6508,326.722,0.143,4425112045,,,,,,,,,,,,,,,,,,,,,,,,,,,,
TRAR11xAB,F2,2026-03-22,BPS,0.035,Y,2,C1,3,,,,,1579,1,8547,1068,67.658,0,3506813394,,,,,,,,,,,,,,,,,,,,,,,,,,,,,1250,1,65504,4811,384.982,0.064,2776127190,,,,,,,,,,,,,,,,,,,,,,,,,,,,
TRAR11xAB,F2,2026-03-22,BPS,0.035,N,2,C2,3,,11,,,1847,1,18606,1265,68.51,0,4102945962,,,,,,,,,,,,,,,,,,,,,,,,,,,,,726,1,65504,2232,307.563,0,1612402830,,,,,,,,,,,,,,,,,,,,,,,,,,,,
TRAR11xAB,F2,2026-03-22,BPS,0.035,Y,2,C3,3,,13,,150,1674,1,13900,1145,68.392,0,3717741707,,,,,,,,,,,,,,,,,,,,,,,,,,,,,,,,,,,,,,,,,,,,,,,,,,,,,,,,,,,,,,,
TRAR11xAB,F2,2026-03-22,BPS,0.035,N,2,C4,3,,12,,,2394,1,19496,1996,83.376,0,5316927585,,,,,,,,,,,,,,,,,,,,,,,,,,,,,1086,1,62169,3200,294.761,0,2411616283,,,,,,,,,,,,,,,,,,,,,,,,,,,,
TRAR11xAB,F2,2026-03-22,BPS,0.35,Y,3,A1,3,,12,,138,1645,1,14869,1135,69.015,0,3653059456,,,,,,,,,,,,,,,,,,,,,,,,,,,,,1702,1,65504,5135,301.758,0.046,3779952894,,,,,,,,,,,,,,,,,,,,,,,,,,,,
TRAR11xAB,F2,2026-03-22,BPS,0.35,Y,3,A2,3,,12,,,3337,1,65504,7043,211.058,0.004,7412492233,,,,,,,,,,,,,,,,,,,,,,,,,,,,,2380,1,65504,5336,224.158,0.056,5287922567,,,,,,,,,,,,,,,,,,,,,,,,,,,,
TRAR11xAB,F2,2026-03-22,BPS,0.35,Y,3,A3,3,,12,,,1626,1,23439,2120,130.362,0,3611925668,,,,,,,,,,,,,,,,,,,,,,,,,,,,,2132,1,65504,5156,241.877,0.053,4735391432,,,,,,,,,,,,,,,,,,,,,,,,,,,,
TRAR11xAB,F2,2026-03-22,BPS,0.35,Y,3,A4,3,,,,,1903,1,9994,1148,60.298,0,4227566914,,,,,,,,,,,,,,,,,,,,,,,,,,,,,1642,1,65504,3144,191.499,0.001,3646491256,,,,,,,,,,,,,,,,,,,,,,,,,,,,
TRAR11xAB,F2,2026-03-22,BPS,0.35,Y,3,B1,3,,,,126,1746,1,12880,1214,69.56,0,3877858266,,,,,,,,,,,,,,,,,,,,,,,,,,,,,1909,1,65504,5953,311.943,0.12,4239533121,,,,,,,,,,,,,,,,,,,,,,,,,,,,
TRAR11xAB,F2,2026-03-22,BPS,0.35,N,3,B2,3,,,,144,1737,1,8968,1092,62.881,0,3858030184,,,,,,,,,,,,,,,,,,,,,,,,,,,,,1805,1,65504,5807,321.674,0.174,4010369609,,,,,,,,,,,,,,,,,,,,,,,,,,,,
TRAR11xAB,F2,2026-03-22,BPS,0.35,Y,3,B3,3,,12,,,2971,1,65504,5788,194.807,0,6600350465,,,,,,,,,,,,,,,,,,,,,,,,,,,,,,,,,,,,,,,,,,,,,,,,,,,,,,,,,,,,,,,
TRAR11xAB,F2,2026-03-22,BPS,0.35,Y,3,B4,2,14,,,,1610,1,15386,1147,71.217,0,3576965300,,,,,,,,,,,,,,,,,,,,,,,,,,,,,1382,1,65504,1604,116.035,0,3070722623,,,,,,,,,,,,,,,,,,,,,,,,,,,,
TRAR11xAB,F2,2026-03-22,BPS,0.35,N,3,C1,3,,,,,3031,1,60004,6074,200.414,0,6732418983,,,,,,,,,,,,,,,,,,,,,,,,,,,,,2636,1,65504,6603,250.48,0.202,5855753354,,,,,,,,,,,,,,,,,,,,,,,,,,,,
TRAR11xAB,F2,2026-03-22,BPS,0.35,Y,3,C2,3,,14,,,2933,1,55160,5035,171.634,0,6516380591,,,,,,,,,,,,,,,,,,,,,,,,,,,,,2525,1,65504,5633,223.058,0.048,5609636969,,,,,,,,,,,,,,,,,,,,,,,,,,,,
TRAR11xAB,F2,2026-03-22,BPS,0.35,Y,3,C3,3,,14,,138,3459,1,61914,6391,184.778,0,7682941077,,,,,,,,,,,,,,,,,,,,,,,,,,,,,2530,1,65504,5135,202.966,0.02,5620010726,,,,,,,,,,,,,,,,,,,,,,,,,,,,
TRAR11xAB,F2,2026-03-22,BPS,0.35,N,3,C4,3,,12,,,2418,1,33627,3123,129.176,0,5371151658,,,,,,,,,,,,,,,,,,,,,,,,,,,,,1948,1,39193,2228,114.404,0,4326313838,,,,,,,,,,,,,,,,,,,,,,,,,,,,
TRAR11xAB,F2,2026-03-22,BPS,3.5,Y,4,A1,3,,11,,,2912,1,35061,3489,119.796,0.001,6468949213,,,,,,,,,,,,,,,,,,,,,,,,,,,,,2446,1,65504,5813,237.686,0.064,5433141584,,,,,,,,,,,,,,,,,,,,,,,,,,,,
TRAR11xAB,F2,2026-03-22,BPS,3.5,Y,4,A2,3,,,,132,3139,1,52590,5913,188.384,0,6971958404,,,,,,,,,,,,,,,,,,,,,,,,,,,,,2696,1,65504,6250,231.823,0.159,5988578239,,,,,,,,,,,,,,,,,,,,,,,,,,,,
TRAR11xAB,F2,2026-03-22,BPS,3.5,N,4,A3,3,,,,,2901,1,60626,6160,212.349,0,6443578757,,,,,,,,,,,,,,,,,,,,,,,,,,,,,1715,1,52860,2234,130.292,0,3808897975,,,,,,,,,,,,,,,,,,,,,,,,,,,,
TRAR11xAB,F2,2026-03-22,BPS,3.5,Y,4,A4,3,,12,,114,2976,1,56568,5848,196.471,0,6611844062,,,,,,,,,,,,,,,,,,,,,,,,,,,,,2271,1,65504,3982,175.357,0.005,5044023926,,,,,,,,,,,,,,,,,,,,,,,,,,,,
TRAR11xAB,F2,2026-03-22,BPS,3.5,N,4,B1,3,,12,,,3394,1,56081,5161,152.06,0,7540065420,,,,,,,,,,,,,,,,,,,,,,,,,,,,,2135,1,65504,4358,204.117,0.045,4742227762,,,,,,,,,,,,,,,,,,,,,,,,,,,,
TRAR11xAB,F2,2026-03-22,BPS,3.5,Y,4,B2,3,,14,,,3609,1,52548,6032,167.149,0,8015965826,,,,,,,,,,,,,,,,,,,,,,,,,,,,,2592,1,65504,4760,183.621,0.062,5758172711,,,,,,,,,,,,,,,,,,,,,,,,,,,,
TRAR11xAB,F2,2026-03-22,BPS,3.5,Y,4,B3,3,,14,,,1758,1,13424,1424,81.012,0,3905458132,,,,,,,,,,,,,,,,,,,,,,,,,,,,,2144,1,65504,3578,166.862,0.005,4763639827,,,,,,,,,,,,,,,,,,,,,,,,,,,,
TRAR11xAB,F2,2026-03-22,BPS,3.5,Y,4,B4,3,,,,,3500,1,65504,7205,205.857,0.007,7774583528,,,,,,,,,,,,,,,,,,,,,,,,,,,,,2574,1,65504,5721,222.239,0.068,5718212173,,,,,,,,,,,,,,,,,,,,,,,,,,,,
TRAR11xAB,F2,2026-03-22,BPS,3.5,N,4,C1,3,,12,,120,2701,1,36394,4909,181.732,0,6000814805,,,,,,,,,,,,,,,,,,,,,,,,,,,,,2339,1,65504,4756,203.305,0.036,5196343528,,,,,,,,,,,,,,,,,,,,,,,,,,,,
TRAR11xAB,F2,2026-03-22,BPS,3.5,N,4,C2,3,,,,,3081,1,62348,6124,198.767,0,6844553216,,,,,,,,,,,,,,,,,,,,,,,,,,,,,1594,1,60595,2864,179.706,0,3540378386,,,,,,,,,,,,,,,,,,,,,,,,,,,,
TRAR11xAB,F2,2026-03-22,BPS,3.5,Y,4,C3,3,,12,,,2560,1,51321,5321,207.842,0,5686610725,,,,,,,,,,,,,,,,,,,,,,,,,,,,,2490,1,65504,5138,206.318,0.014,5531920862,,,,,,,,,,,,,,,,,,,,,,,,,,,,
TRAR11xAB,F2,2026-03-22,BPS,3.5,N,4,C4,3,,,,150,2576,1,54783,5177,200.984,0,5722276537,,,,,,,,,,,,,,,,,,,,,,,,,,,,,2524,1,65504,6192,245.297,0.169,5607661988,,,,,,,,,,,,,,,,,,,,,,,,,,,,
TRAR11xAB,F2,2026-03-22,BPS,35,Y,5,A1,3,,14,,132,1536,1,12259,1241,80.832,0,3411478972,,,,,,,,,,,,,,,,,,,,,,,,,,,,,2019,1,65504,5788,286.638,0.087,4485576916,,,,,,,,,,,,,,,,,,,,,,,,,,,,
TRAR11xAB,F2,2026-03-22,BPS,35,Y,5,A2,3,,,,,1831,1,44717,1441,78.705,0,4068424948,,,,,,,,,,,,,,,,,,,,,,,,,,,,,1544,1,65504,4133,267.722,0.04,3429566537,,,,,,,,,,,,,,,,,,,,,,,,,,,,
TRAR11xAB,F2,2026-03-22,BPS,35,N,5,A3,3,,14,,138,1267,1,61138,1812,143.054,0,2814153448,,,,,,,,,,,,,,,,,,,,,,,,,,,,,1620,1,65504,4316,266.386,0.015,3598711885,,,,,,,,,,,,,,,,,,,,,,,,,,,,
TRAR11xAB,F2,2026-03-22,BPS,35,N,5,A4,3,,,,,1451,1,11328,1140,78.58,0,3223057533,,,,,,,,,,,,,,,,,,,,,,,,,,,,,1691,1,65504,4764,281.73,0.072,3756075285,,,,,,,,,,,,,,,,,,,,,,,,,,,,
TRAR11xAB,F2,2026-03-22,BPS,35,Y,5,B1,3,,13,,126,2771,1,60761,5968,215.405,0,6154746782,,,,,,,,,,,,,,,,,,,,,,,,,,,,,1888,1,53864,3497,185.215,0,4194384369,,,,,,,,,,,,,,,,,,,,,,,,,,,,
TRAR11xAB,F2,2026-03-22,BPS,35,Y,5,B2,3,,12,,,2089,1,27254,2787,133.431,0,4639967102,,,,,,,,,,,,,,,,,,,,,,,,,,,,,2089,1,65504,6560,314.071,0.142,4639562285,,,,,,,,,,,,,,,,,,,,,,,,,,,,
TRAR11xAB,F2,2026-03-22,BPS,35,Y,5,B3,2,,,,,3068,1,65504,6924,225.687,0.011,6815093173,,,,,,,,,,,,,,,,,,,,,,,,,,,,,2674,1,65504,6245,233.587,0.146,5939241864,,,,,,,,,,,,,,,,,,,,,,,,,,,,
TRAR11xAB,F2,2026-03-22,BPS,35,Y,5,B4,3,,12,,108,2915,1,65504,6094,209.021,0.011,6476048977,,,,,,,,,,,,,,,,,,,,,,,,,,,,,2134,1,65504,3884,182.059,0.008,4739483359,,,,,,,,,,,,,,,,,,,,,,,,,,,,
TRAR11xAB,F2,2026-03-22,BPS,35,Y,5,C1,3,,,,,2219,1,28109,2930,132.023,0,4929247497,,,,,,,,,,,,,,,,,,,,,,,,,,,,,2814,1,65504,7473,265.572,0.308,6250663361,,,,,,,,,,,,,,,,,,,,,,,,,,,,
TRAR11xAB,F2,2026-03-22,BPS,35,N,5,C2,3,,12,,,2026,1,28190,2787,137.582,0,4499948977,,,,,,,,,,,,,,,,,,,,,,,,,,,,,2392,1,65504,5219,218.157,0.04,5313729492,,,,,,,,,,,,,,,,,,,,,,,,,,,,
TRAR11xAB,F2,2026-03-22,BPS,35,Y,5,C3,3,,,,,2966,1,51317,5531,186.493,0,6588473885,,,,,,,,,,,,,,,,,,,,,,,,,,,,,2259,1,65504,5654,250.332,0.086,5017068049,,,,,,,,,,,,,,,,,,,,,,,,,,,,
TRAR11xAB,F2,2026-03-22,BPS,35,N,5,C4,3,,13,,,2586,1,42309,4567,176.595,0,5745239507,,,,,,,,,,,,,,,,,,,,,,,,,,,,,1764,1,65504,3702,209.826,0.005,3919386380,,,,,,,,,,,,,,,,,,,,,,,,,,,,
TRAR11xAB,F2,2026-03-22,BPS,350,Y,6,A1,3,,,,126,2788,1,35089,3968,142.303,0.001,6194073361,,,,,,,,,,,,,,,,,,,,,,,,,,,,,2465,1,65504,6570,266.592,0.218,5474837988,,,,,,,,,,,,,,,,,,,,,,,,,,,,
TRAR11xAB,F2,2026-03-22,BPS,350,Y,6,A2,3,,,,126,1553,1,10371,1135,73.048,0,3450882253,,,,,,,,,,,,,,,,,,,,,,,,,,,,,1481,1,44801,2136,144.181,0,3290387222,,,,,,,,,,,,,,,,,,,,,,,,,,,,
TRAR11xAB,F2,2026-03-22,BPS,350,Y,6,A3,3,,12,7,,2583,1,22147,3114,120.564,0,5738236505,,,,,,,,,,,,,,,,,,,,,,,,,,,,,1865,1,65504,3600,193.048,0,4142632170,,,,,,,,,,,,,,,,,,,,,,,,,,,,
TRAR11xAB,F2,2026-03-22,BPS,350,N,6,A4,3,,14,,,2132,1,30904,2958,138.764,0,4735259699,,,,,,,,,,,,,,,,,,,,,,,,,,,,,2086,1,65504,3881,186.041,0.003,4634614717,,,,,,,,,,,,,,,,,,,,,,,,,,,,
TRAR11xAB,F2,2026-03-22,BPS,350,N,6,B1,3,,,,144,1693,1,65504,1283,75.793,0,3760797766,,,,,,,,,,,,,,,,,,,,,,,,,,,,,,,,,,,,,,,,,,,,,,,,,,,,,,,,,,,,,,,
TRAR11xAB,F2,2026-03-22,BPS,350,N,6,B2,3,,13,,,2909,1,61889,7110,244.448,0,6461284189,,,,,,,,,,,,,,,,,,,,,,,,,,,,,2597,1,65504,6126,235.931,0.144,5768071291,,,,,,,,,,,,,,,,,,,,,,,,,,,,
TRAR11xAB,F2,2026-03-22,BPS,350,N,6,B3,3,,,,,1577,1,12669,1321,83.81,0,3502153635,,,,,,,,,,,,,,,,,,,,,,,,,,,,,1945,1,65504,5839,300.297,0.166,4319584324,,,,,,,,,,,,,,,,,,,,,,,,,,,,
TRAR11xAB,F2,2026-03-22,BPS,350,Y,6,B4,3,,12,,,2668,1,43982,4871,182.534,0,5927293216,,,,,,,,,,,,,,,,,,,,,,,,,,,,,2023,1,65504,3716,183.69,0,4493720606,,,,,,,,,,,,,,,,,,,,,,,,,,,,
TRAR11xAB,F2,2026-03-22,BPS,350,Y,6,C1,3,,12,,144,2420,1,52833,5365,221.711,0,5375756436,,,,,,,,,,,,,,,,,,,,,,,,,,,,,2506,1,65504,5678,226.576,0.121,5567217294,,,,,,,,,,,,,,,,,,,,,,,,,,,,
TRAR11xAB,F2,2026-03-22,BPS,350,N,6,C2,3,,12,,,1594,1,13975,1357,85.124,0,3540347221,,,,,,,,,,,,,,,,,,,,,,,,,,,,,,,,,,,,,,,,,,,,,,,,,,,,,,,,,,,,,,,
TRAR11xAB,F2,2026-03-22,BPS,350,N,6,C3,3,,13,,,1830,1,22749,2221,121.419,0,4064080151,,,,,,,,,,,,,,,,,,,,,,,,,,,,,1910,1,65504,3713,194.418,0.028,4242817554,,,,,,,,,,,,,,,,,,,,,,,,,,,,
TRAR11xAB,F2,2026-03-22,BPS,350,Y,6,C4,3,,13,,,3010,1,65504,7149,237.52,0.005,6686349392,,,,,,,,,,,,,,,,,,,,,,,,,,,,,2269,1,65504,4697,206.984,0.055,5040991669,,,,,,,,,,,,,,,,,,,,,,,,,,,,
TRAR11xAB,F2,2026-03-22,BPS,0,Y,7,A1,3,,14,,,,,,,,,,1496,1,18760,1311,87.604,0,3324147054,,,,,,,,,,,,,,,,,,,,,,,,,,,,,1684,1,65504,5253,311.893,0.039,3741235698,,,,,,,,,,,,,,,,,,,,,
TRAR11xAB,F2,2026-03-22,BPS,0,N,7,A2,3,,13,,,,,,,,,,2379,1,41089,2829,118.907,0,5285079788,,,,,,,,,,,,,,,,,,,,,,,,,,,,,1960,1,65504,5179,264.291,0.032,4353221400,,,,,,,,,,,,,,,,,,,,,
TRAR11xAB,F2,2026-03-22,BPS,0,N,7,A3,3,,13,,,,,,,,,,1983,1,25134,2096,105.675,0,4405442236,,,,,,,,,,,,,,,,,,,,,,,,,,,,,2215,1,65504,6442,290.818,0.182,4920711217,,,,,,,,,,,,,,,,,,,,,
TRAR11xAB,F2,2026-03-22,BPS,0,Y,7,A4,3,,,,,,,,,,,,1593,1,65504,1659,104.125,0.002,3539325033,,,,,,,,,,,,,,,,,,,,,,,,,,,,,2103,1,65504,6450,306.787,0.192,4670514650,,,,,,,,,,,,,,,,,,,,,
TRAR11xAB,F2,2026-03-22,BPS,0,Y,7,B1,3,,,,,,,,,,,,1430,1,15544,1251,87.478,0,3175486396,,,,,,,,,,,,,,,,,,,,,,,,,,,,,2833,1,65504,8402,296.571,0.302,6293024220,,,,,,,,,,,,,,,,,,,,,
TRAR11xAB,F2,2026-03-22,BPS,0,Y,7,B2,3,,13,,,,,,,,,,2258,1,40304,3022,133.8,0,5016870519,,,,,,,,,,,,,,,,,,,,,,,,,,,,,2698,1,65504,7303,270.713,0.278,5992945700,,,,,,,,,,,,,,,,,,,,,
TRAR11xAB,F2,2026-03-22,BPS,0,Y,7,B3,3,,14,,,,,,,,,,2547,1,34518,3317,130.228,0,5658776258,,,,,,,,,,,,,,,,,,,,,,,,,,,,,2620,1,65504,6153,234.891,0.176,5819395759,,,,,,,,,,,,,,,,,,,,,
TRAR11xAB,F2,2026-03-22,BPS,0,Y,7,B4,3,,14,,,,,,,,,,2384,1,65504,3875,162.513,0.013,5296764330,,,,,,,,,,,,,,,,,,,,,,,,,,,,,2039,1,65504,4333,212.542,0.016,4528428879,,,,,,,,,,,,,,,,,,,,,
TRAR11xAB,F2,2026-03-22,BPS,0,N,7,C1,3,,,,,,,,,,,,1398,1,17357,1144,81.839,0.012,3106492420,,,,,,,,,,,,,,,,,,,,,,,,,,,,,1628,1,43620,2354,144.665,0,3615315736,,,,,,,,,,,,,,,,,,,,,
TRAR11xAB,F2,2026-03-22,BPS,0,N,7,C2,3,,12,,,,,,,,,,2401,1,60575,3743,155.901,0,5332664680,,,,,,,,,,,,,,,,,,,,,,,,,,,,,1830,1,52587,3118,170.369,0,4065761273,,,,,,,,,,,,,,,,,,,,,
TRAR11xAB,F2,2026-03-22,BPS,0,Y,7,C3,3,,14,,,,,,,,,,1761,1,15195,1184,67.247,0,3912606749,,,,,,,,,,,,,,,,,,,,,,,,,,,,,1954,1,65504,5497,281.264,0.128,4341129040,,,,,,,,,,,,,,,,,,,,,
TRAR11xAB,F2,2026-03-22,BPS,0,N,7,C4,3,,,,,,,,,,,,2378,1,48419,3827,160.95,0,5282437011,,,,,,,,,,,,,,,,,,,,,,,,,,,,,2338,1,65504,5837,249.691,0.126,5192771965,,,,,,,,,,,,,,,,,,,,,
TRAR11xAB,F2,2026-03-22,BPS,0.035,N,8,A1,3,,13,,,,,,,,,,2596,1,65504,2430,93.585,0.011,5767739266,,,,,,,,,,,,,,,,,,,,,,,,,,,,,1609,1,65504,4889,303.868,0.107,3573661139,,,,,,,,,,,,,,,,,,,,,
TRAR11xAB,F2,2026-03-22,BPS,0.035,N,8,A2,3,,,,,,,,,,,,2320,1,26419,2387,102.886,0.006,5153174705,,,,,,,,,,,,,,,,,,,,,,,,,,,,,2059,1,65504,5820,282.703,0.168,4572882227,,,,,,,,,,,,,,,,,,,,,
TRAR11xAB,F2,2026-03-22,BPS,0.035,N,8,A3,3,,,,,,,,,,,,2188,1,26770,1990,90.954,0,4860314560,,,,,,,,,,,,,,,,,,,,,,,,,,,,,1822,1,65504,4881,267.908,0.083,4047073755,,,,,,,,,,,,,,,,,,,,,
TRAR11xAB,F2,2026-03-22,BPS,0.035,Y,8,A4,3,,,,,,,,,,,,1985,1,20391,1228,61.859,0,4408384243,,,,,,,,,,,,,,,,,,,,,,,,,,,,,,,,,,,,,,,,,,,,,,,,,,,,,,,,
TRAR11xAB,F2,2026-03-22,BPS,0.035,N,8,B1,3,,14,,,,,,,,,,2963,1,39945,3887,131.163,0,6582233398,,,,,,,,,,,,,,,,,,,,,,,,,,,,,2381,1,65504,5471,229.802,0.03,5288685870,,,,,,,,,,,,,,,,,,,,,
TRAR11xAB,F2,2026-03-22,BPS,0.035,Y,8,B2,3,,,,,,,,,,,,2018,1,65504,2473,122.558,0.024,4482942010,,,,,,,,,,,,,,,,,,,,,,,,,,,,,2423,1,65504,6790,280.186,0.228,5383258662,,,,,,,,,,,,,,,,,,,,,
TRAR11xAB,F2,2026-03-22,BPS,0.035,Y,8,B3,3,,14,,,,,,,,,,1905,1,17374,1236,64.902,0,4230868984,,,,,,,,,,,,,,,,,,,,,,,,,,,,,2799,1,65504,8337,297.893,0.345,6217084109,,,,,,,,,,,,,,,,,,,,,
TRAR11xAB,F2,2026-03-22,BPS,0.035,Y,8,B4,3,,11,,,,,,,,,,1622,1,20266,1278,78.764,0,3603206891,,,,,,,,,,,,,,,,,,,,,,,,,,,,,,,,,,,,,,,,,,,,,,,,,,,,,,,,
TRAR11xAB,F2,2026-03-22,BPS,0.035,M,8,C1,3,,,,,,,,,,,,2968,1,65504,4114,138.593,0.044,6593782229,,,,,,,,,,,,,,,,,,,,,,,,,,,,,,,,,,,,,,,,,,,,,,,,,,,,,,,,
TRAR11xAB,F2,2026-03-22,BPS,0.035,M,8,C2,3,,11,,,,,,,,,,2536,1,28143,2727,107.539,0.058,5632413503,,,,,,,,,,,,,,,,,,,,,,,,,,,,,2459,1,65504,5769,234.61,0.135,5462374465,,,,,,,,,,,,,,,,,,,,,
TRAR11xAB,F2,2026-03-22,BPS,0.035,Y,8,C3,3,,,,,,,,,,,,2726,1,34211,3763,138.047,0,6055407777,,,,,,,,,,,,,,,,,,,,,,,,,,,,,3143,1,65504,8069,256.722,0.318,6982411708,,,,,,,,,,,,,,,,,,,,,
TRAR11xAB,F2,2026-03-22,BPS,0.035,Y,8,C4,3,,,,,,,,,,,,3710,1,63338,5274,142.182,0.016,8240398239,,,,,,,,,,,,,,,,,,,,,,,,,,,,,2567,1,65504,6770,263.722,0.236,5702492148,,,,,,,,,,,,,,,,,,,,,
TRAR11xAB,F2,2026-03-22,BPS,0.35,Y,9,A1,3,,,,,,,,,,,,1656,1,15355,1330,80.301,0,3677931932,,,,,,,,,,,,,,,,,,,,,,,,,,,,,2542,1,65504,8171,321.514,0.368,5645695455,,,,,,,,,,,,,,,,,,,,,
TRAR11xAB,F2,2026-03-22,BPS,0.35,Y,9,A2,3,,13,,,,,,,,,,2303,1,57354,3361,145.959,0.013,5115907922,,,,,,,,,,,,,,,,,,,,,,,,,,,,,2515,1,65504,6817,271.051,0.229,5586990744,,,,,,,,,,,,,,,,,,,,,
TRAR11xAB,F2,2026-03-22,BPS,0.35,N,9,A3,3,,,,,,,,,,,,1847,1,65504,3342,180.923,0.009,4103355090,,,,,,,,,,,,,,,,,,,,,,,,,,,,,2408,1,65504,6759,280.724,0.227,5348261772,,,,,,,,,,,,,,,,,,,,,
TRAR11xAB,F2,2026-03-22,BPS,0.35,Y,9,A4,3,,,,,,,,,,,,2613,1,50167,4164,159.375,0,5804289060,,,,,,,,,,,,,,,,,,,,,,,,,,,,,2633,1,65504,6423,243.915,0.151,5849137183,,,,,,,,,,,,,,,,,,,,,
TRAR11xAB,F2,2026-03-22,BPS,0.35,N,9,B1,3,,,,,,,,,,,,2051,1,30898,2348,114.468,0,4556300584,,,,,,,,,,,,,,,,,,,,,,,,,,,,,2755,1,65504,7535,273.549,0.31,6119203568,,,,,,,,,,,,,,,,,,,,,
TRAR11xAB,F2,2026-03-22,BPS,0.35,Y,9,B2,3,,14,,,,,,,,,,1644,1,29447,1491,90.698,0,3652221170,,,,,,,,,,,,,,,,,,,,,,,,,,,,,1744,1,51833,2382,136.641,0,3872995639,,,,,,,,,,,,,,,,,,,,,
TRAR11xAB,F2,2026-03-22,BPS,0.35,N,9,B3,3,,,,,,,,,,,,2113,1,30000,3139,148.507,0,4694750881,,,,,,,,,,,,,,,,,,,,,,,,,,,,,2828,1,65504,6859,242.566,0.207,6281441174,,,,,,,,,,,,,,,,,,,,,
TRAR11xAB,F2,2026-03-22,BPS,0.35,Y,9,B4,3,,14,,,,,,,,,,2375,1,28055,2919,122.9,0,5276667922,,,,,,,,,,,,,,,,,,,,,,,,,,,,,,,,,,,,,,,,,,,,,,,,,,,,,,,,
TRAR11xAB,F2,2026-03-22,BPS,0.35,Y,9,C1,3,,,,,,,,,,,,1727,1,17555,1318,76.295,0,3836791987,,,,,,,,,,,,,,,,,,,,,,,,,,,,,2339,1,65504,6590,281.686,0.222,5196653283,,,,,,,,,,,,,,,,,,,,,
TRAR11xAB,F2,2026-03-22,BPS,0.35,Y,9,C2,4,,,,,,,,,,,,1880,1,18888,1257,66.879,0,4176285170,,,,,,,,,,,,,,,,,,,,,,,,,,,,,1990,1,65504,5806,291.704,0.136,4421419351,,,,,,,,,,,,,,,,,,,,,
TRAR11xAB,F2,2026-03-22,BPS,0.35,Y,9,C3,4,,,,,,,,,,,,2802,1,65504,4140,147.768,0,6223536058,,,,,,,,,,,,,,,,,,,,,,,,,,,,,2921,1,65504,7737,264.858,0.264,6488764419,,,,,,,,,,,,,,,,,,,,,
TRAR11xAB,F2,2026-03-22,BPS,0.35,N,9,C4,3,,13,,,,,,,,,,2457,1,41659,2740,111.496,0,5458081935,,,,,,,,,,,,,,,,,,,,,,,,,,,,,2235,1,65504,5046,225.725,0.101,4965539902,,,,,,,,,,,,,,,,,,,,,
TRAR11xAB,F2,2026-03-22,BPS,3.5,Y,10,A1,3,,,,,,,,,,,,2644,1,42528,3345,126.538,0,5872837453,,,,,,,,,,,,,,,,,,,,,,,,,,,,,2390,1,65504,7504,313.948,0.282,5309581313,,,,,,,,,,,,,,,,,,,,,
TRAR11xAB,F2,2026-03-22,BPS,3.5,N,10,A2,3,,12,,,,,,,,,,2343,1,42550,3932,167.807,0,5205500830,,,,,,,,,,,,,,,,,,,,,,,,,,,,,1651,1,44839,2933,177.703,0,3667007511,,,,,,,,,,,,,,,,,,,,,
TRAR11xAB,F2,2026-03-22,BPS,3.5,Y,10,A3,3,,,,,,,,,,,,1571,1,34998,2070,131.8,0,3489569371,,,,,,,,,,,,,,,,,,,,,,,,,,,,,1830,1,65504,4476,244.631,0.05,4064302331,,,,,,,,,,,,,,,,,,,,,
TRAR11xAB,F2,2026-03-22,BPS,3.5,Y,10,A4,3,,,,,,,,,,,,1581,1,24258,1292,81.689,0,3512341405,,,,,,,,,,,,,,,,,,,,,,,,,,,,,2461,1,65504,6891,280.081,0.197,5465746777,,,,,,,,,,,,,,,,,,,,,
TRAR11xAB,F2,2026-03-22,BPS,3.5,N,10,B1,3,,,,,,,,,,,,2632,1,27890,3001,114.02,0,5846155445,,,,,,,,,,,,,,,,,,,,,,,,,,,,,2737,1,65504,6598,241.048,0.216,6080399824,,,,,,,,,,,,,,,,,,,,,
TRAR11xAB,F2,2026-03-22,BPS,3.5,Y,10,B2,3,,,,,,,,,,,,1472,1,30398,1144,77.719,0,3269254961,,,,,,,,,,,,,,,,,,,,,,,,,,,,,1748,1,65504,3558,203.519,0.004,3883679746,,,,,,,,,,,,,,,,,,,,,
TRAR11xAB,F2,2026-03-22,BPS,3.5,Y,10,B3,3,,13,,,,,,,,,,1843,1,17082,1303,70.709,0,4093078233,,,,,,,,,,,,,,,,,,,,,,,,,,,,,2194,1,65504,6461,294.444,0.218,4874065720,,,,,,,,,,,,,,,,,,,,,
TRAR11xAB,F2,2026-03-22,BPS,3.5,Y,10,B4,3,,14,,,,,,,,,,1890,1,20007,1319,69.803,0,4198996174,,,,,,,,,,,,,,,,,,,,,,,,,,,,,1618,1,65504,3684,227.646,0.02,3594776408,,,,,,,,,,,,,,,,,,,,,
TRAR11xAB,F2,2026-03-22,BPS,3.5,N,10,C1,3,,,,,,,,,,,,1446,1,37007,1240,85.802,0,3211569457,,,,,,,,,,,,,,,,,,,,,,,,,,,,,1627,1,46933,2548,156.606,0,3613583615,,,,,,,,,,,,,,,,,,,,,
TRAR11xAB,F2,2026-03-22,BPS,3.5,N,10,C2,3,14,,,,,,,,,,,2579,1,33460,3347,129.811,0,5728264855,,,,,,,,,,,,,,,,,,,,,,,,,,,,,2491,1,65504,4855,194.905,0.065,5533686530,,,,,,,,,,,,,,,,,,,,,
TRAR11xAB,F2,2026-03-22,BPS,3.5,Y,10,C3,3,14,,,,,,,,,,,1798,1,29045,2540,141.274,0,3994371780,,,,,,,,,,,,,,,,,,,,,,,,,,,,,2467,1,65504,6218,252.085,0.179,5479191508,,,,,,,,,,,,,,,,,,,,,
TRAR11xAB,F2,2026-03-22,BPS,3.5,N,10,C4,3,,,,,,,,,,,,2024,1,36621,3431,169.462,0,4496898644,,,,,,,,,,,,,,,,,,,,,,,,,,,,,,,,,,,,,,,,,,,,,,,,,,,,,,,,
TRAR11xAB,F2,2026-03-22,BPS,35,N,11,A1,3,,12,,,,,,,,,,1709,1,50695,2181,127.618,0,3796026273,,,,,,,,,,,,,,,,,,,,,,,,,,,,,2255,1,65504,6945,308.041,0.242,5008264087,,,,,,,,,,,,,,,,,,,,,
TRAR11xAB,F2,2026-03-22,BPS,35,Y,11,A2,3,,12,,,,,,,,,,1397,1,30897,1330,95.21,0,3103058098,,,,,,,,,,,,,,,,,,,,,,,,,,,,,2335,1,65504,7147,306.156,0.257,5185942569,,,,,,,,,,,,,,,,,,,,,
TRAR11xAB,F2,2026-03-22,BPS,35,Y,11,A3,3,12,,,,,,,,,,,1552,1,26782,2364,152.379,0,3446543181,,,,,,,,,,,,,,,,,,,,,,,,,,,,,2000,1,65504,5721,286.069,0.125,4442186572,,,,,,,,,,,,,,,,,,,,,
TRAR11xAB,F2,2026-03-22,BPS,35,N,11,A4,3,,,,,,,,,,,,1911,1,28497,2536,132.692,0,4244971545,,,,,,,,,,,,,,,,,,,,,,,,,,,,,2257,1,65504,5773,255.816,0.158,5012647931,,,,,,,,,,,,,,,,,,,,,
TRAR11xAB,F2,2026-03-22,BPS,35,N,11,B1,3,,,,,,,,,,,,1934,1,22679,1556,80.432,0,4296465697,,,,,,,,,,,,,,,,,,,,,,,,,,,,,1799,1,61624,3734,207.548,0,3996805590,,,,,,,,,,,,,,,,,,,,,
TRAR11xAB,F2,2026-03-22,BPS,35,N,11,B2,2,,12,8,,,,,,,,,2285,1,33330,3147,137.732,0,5075380765,,,,,,,,,,,,,,,,,,,,,,,,,,,,,1880,1,65504,2676,142.311,0.001,4177081575,,,,,,,,,,,,,,,,,,,,,
TRAR11xAB,F2,2026-03-22,BPS,35,Y,11,B3,3,,,,,,,,,,,,2146,1,37407,3354,156.337,0,4766319175,,,,,,,,,,,,,,,,,,,,,,,,,,,,,2191,1,65504,4701,214.567,0.061,4867254776,,,,,,,,,,,,,,,,,,,,,
TRAR11xAB,F2,2026-03-22,BPS,35,Y,11,B4,3,,,,,,,,,,,,2056,1,43622,3183,154.853,0,4566682317,,,,,,,,,,,,,,,,,,,,,,,,,,,,,2338,1,65504,5928,253.519,0.146,5193953828,,,,,,,,,,,,,,,,,,,,,
TRAR11xAB,F2,2026-03-22,BPS,35,Y,11,C1,4,,,,,,,,,,,,2174,1,37675,2843,130.789,0,4829229834,,,,,,,,,,,,,,,,,,,,,,,,,,,,,2524,1,65504,5973,236.632,0.165,5607405263,,,,,,,,,,,,,,,,,,,,,
TRAR11xAB,F2,2026-03-22,BPS,35,N,11,C2,3,,,,,,,,,,,,2652,1,36352,3735,140.823,0,5891813619,,,,,,,,,,,,,,,,,,,,,,,,,,,,,2974,1,65504,7651,257.247,0.305,6607054167,,,,,,,,,,,,,,,,,,,,,
TRAR11xAB,F2,2026-03-22,BPS,35,Y,11,C3,3,,14,,,,,,,,,,1693,1,16220,1293,76.355,0,3761474434,,,,,,,,,,,,,,,,,,,,,,,,,,,,,1840,1,65504,4993,271.345,0.101,4087637279,,,,,,,,,,,,,,,,,,,,,
TRAR11xAB,F2,2026-03-22,BPS,35,N,11,C4,3,,,,,,,,,,,,1462,1,13307,1074,73.471,0,3248173470,,,,,,,,,,,,,,,,,,,,,,,,,,,,,2048,1,65504,6037,294.785,0.189,4549100847,,,,,,,,,,,,,,,,,,,,,
TRAR11xAB,F2,2026-03-22,BPS,350,N,12,A1,3,,,,,,,,,,,,2386,1,44259,2497,104.645,0.001,5301255483,,,,,,,,,,,,,,,,,,,,,,,,,,,,,,,,,,,,,,,,,,,,,,,,,,,,,,,,
TRAR11xAB,F2,2026-03-22,BPS,350,Y,12,A2,3,,,,,,,,,,,,2564,1,43613,4235,165.161,0,5695933096,,,,,,,,,,,,,,,,,,,,,,,,,,,,,,,,,,,,,,,,,,,,,,,,,,,,,,,,
TRAR11xAB,F2,2026-03-22,BPS,350,N,12,A3,3,,14,,,,,,,,,,1879,1,19874,2335,124.3,0,4173377374,,,,,,,,,,,,,,,,,,,,,,,,,,,,,2326,1,65504,6427,276.276,0.191,5167703595,,,,,,,,,,,,,,,,,,,,,
TRAR11xAB,F2,2026-03-22,BPS,350,Y,12,A4,3,,14,,,,,,,,,,1888,1,39046,2280,120.767,0,4193895228,,,,,,,,,,,,,,,,,,,,,,,,,,,,,2338,1,65504,6391,273.327,0.214,5193927168,,,,,,,,,,,,,,,,,,,,,
TRAR11xAB,F2,2026-03-22,BPS,350,N,12,B1,3,,14,,,,,,,,,,2389,1,31740,3165,132.456,0,5307869832,,,,,,,,,,,,,,,,,,,,,,,,,,,,,2965,1,65504,8273,279.013,0.361,6586384441,,,,,,,,,,,,,,,,,,,,,
TRAR11xAB,F2,2026-03-22,BPS,350,,12,B2,3,,7,,,,,,,,,,2164,1,15852,1372,63.389,0,4807654444,,,,,,,,,,,,,,,,,,,,,,,,,,,,,,,,,,,,,,,,,,,,,,,,,,,,,,,,
TRAR11xAB,F2,2026-03-22,BPS,350,N,12,B3,3,,,,,,,,,,,,1808,1,36423,2126,117.606,0,4015332623,,,,,,,,,,,,,,,,,,,,,,,,,,,,,2690,1,65504,7509,279.109,0.309,5976600110,,,,,,,,,,,,,,,,,,,,,
TRAR11xAB,F2,2026-03-22,BPS,350,N,12,B4,3,,,,,,,,,,,,2030,1,29153,2350,115.768,0,4509135785,,,,,,,,,,,,,,,,,,,,,,,,,,,,,1873,1,65504,3678,196.342,0.026,4161151461,,,,,,,,,,,,,,,,,,,,,
TRAR11xAB,F2,2026-03-22,BPS,350,Y,12,C1,3,,13,,,,,,,,,,1975,1,32816,2536,128.375,0,4387845559,,,,,,,,,,,,,,,,,,,,,,,,,,,,,2415,1,65504,6045,250.287,0.156,5365332043,,,,,,,,,,,,,,,,,,,,,
TRAR11xAB,F2,2026-03-22,BPS,350,Y,12,C2,4,,,,,,,,,,,,1778,1,22986,1486,83.591,0,3948861085,,,,,,,,,,,,,,,,,,,,,,,,,,,,,,,,,,,,,,,,,,,,,,,,,,,,,,,,
TRAR11xAB,F2,2026-03-22,BPS,350,N,12,C3,3,,,,,,,,,,,,1810,1,38273,2331,128.755,0,4021783058,,,,,,,,,,,,,,,,,,,,,,,,,,,,,2427,1,65504,6649,273.974,0.215,5390946291,,,,,,,,,,,,,,,,,,,,,
TRAR11xAB,F2,2026-03-22,BPS,350,M,12,C4,3,,,,,,,,,,,,2293,1,41181,3791,165.367,0,5092735397,,,,,,,,,,,,,,,,,,,,,,,,,,,,,2271,1,65504,5405,238.043,0.112,5044076616,,,,,,,,,,,,,,,,,,,,,
TRAR11xAB,F2,2026-03-22,BPS,0,N,13,A1,3,,12,,,,,,,,,,,,,,,,,1467,1,27496,2133,145.435,0,3258229852,,,,,,,,,,,,,,,,,,,,,,,,,,,,,1765,1,51254,3441,194.941,0,3921413727,,,,,,,,,,,,,,
TRAR11xAB,F2,2026-03-22,BPS,0,Y,13,A2,3,,,,,,,,,,,,,,,,,,,1623,1,40544,2163,133.243,0,3605484032,,,,,,,,,,,,,,,,,,,,,,,,,,,,,2520,1,65504,7191,285.303,0.254,5598872614,,,,,,,,,,,,,,
TRAR11xAB,F2,2026-03-22,BPS,0,Y,13,A3,3,13,,,,,,,,,,,,,,,,,,2811,1,44461,4298,152.934,0,6243194196,,,,,,,,,,,,,,,,,,,,,,,,,,,,,2524,1,65504,7375,292.184,0.238,5607245890,,,,,,,,,,,,,,
TRAR11xAB,F2,2026-03-22,BPS,0,Y,13,A4,3,,,,,,,,,,,,,,,,,,,2311,1,46987,2813,121.69,0,5134301123,,,,,,,,,,,,,,,,,,,,,,,,,,,,,,,,,,,,,,,,,,,,,,,,,
TRAR11xAB,F2,2026-03-22,BPS,0,Y,13,B1,3,,14,,,,,,,,,,,,,,,,,1594,1,65504,1403,88.021,0,3541416779,,,,,,,,,,,,,,,,,,,,,,,,,,,,,,,,,,,,,,,,,,,,,,,,,
TRAR11xAB,F2,2026-03-22,BPS,0,Y,13,B2,3,,13,,,,,,,,,,,,,,,,,1884,1,26928,2871,152.342,0,4185899290,,,,,,,,,,,,,,,,,,,,,,,,,,,,,2332,1,65504,6256,268.291,0.193,5179763325,,,,,,,,,,,,,,
TRAR11xAB,F2,2026-03-22,BPS,0,Y,13,B3,3,,13,,,,,,,,,,,,,,,,,2059,1,29503,3099,150.497,0,4574413212,,,,,,,,,,,,,,,,,,,,,,,,,,,,,1939,1,65504,4185,215.818,0.031,4307555075,,,,,,,,,,,,,,
TRAR11xAB,F2,2026-03-22,BPS,0,N,13,B4,3,,13,,,,,,,,,,,,,,,,,2180,1,30945,2839,130.231,0.005,4842904128,,,,,,,,,,,,,,,,,,,,,,,,,,,,,2479,1,65504,6366,256.735,0.172,5507867039,,,,,,,,,,,,,,
TRAR11xAB,F2,2026-03-22,BPS,0,Y,13,C1,3,,,,,,,,,,,,,,,,,,,1735,1,36248,1500,86.426,0,3854447235,,,,,,,,,,,,,,,,,,,,,,,,,,,,,2060,1,65504,5548,269.266,0.114,4576586138,,,,,,,,,,,,,,
TRAR11xAB,F2,2026-03-22,BPS,0,Y,13,C2,3,,13,,,,,,,,,,,,,,,,,2106,1,57113,3141,149.167,0,4677190879,,,,,,,,,,,,,,,,,,,,,,,,,,,,,,,,,,,,,,,,,,,,,,,,,
TRAR11xAB,F2,2026-03-22,BPS,0,N,13,C3,3,,,,,,,,,,,,,,,,,,,1619,1,32661,1584,97.88,0,3595784523,,,,,,,,,,,,,,,,,,,,,,,,,,,,,2801,1,65504,7691,274.594,0.276,6221970465,,,,,,,,,,,,,,
TRAR11xAB,F2,2026-03-22,BPS,0,N,13,C4,3,,13,,,,,,,,,,,,,,,,,2212,1,31805,2572,116.283,0,4913133899,,,,,,,,,,,,,,,,,,,,,,,,,,,,,2725,1,65504,6775,248.641,0.2,6052604254,,,,,,,,,,,,,,
TRAR11xAB,F2,2026-03-22,BPS,0.035,,14,A1,3,,6,,,,,,,,,,,,,,,,,2136,1,46244,2670,124.974,0.001,4745034348,,,,,,,,,,,,,,,,,,,,,,,,,,,,,,,,,,,,,,,,,,,,,,,,,
TRAR11xAB,F2,2026-03-22,BPS,0.035,Y,14,A2,3,,,,,,,,,,,,,,,,,,,1659,1,24726,1382,83.314,0,3685260177,,,,,,,,,,,,,,,,,,,,,,,,,,,,,2583,1,65504,8106,313.842,0.371,5737734633,,,,,,,,,,,,,,
TRAR11xAB,F2,2026-03-22,BPS,0.035,Y,14,A3,3,,,,,,,,,,,,,,,,,,,2370,1,41747,3478,146.722,0,5265006950,,,,,,,,,,,,,,,,,,,,,,,,,,,,,2429,1,65504,6732,277.222,0.219,5394704509,,,,,,,,,,,,,,
TRAR11xAB,F2,2026-03-22,BPS,0.035,Y,14,A4,3,,,,,,,,,,,,,,,,,,,1613,1,65504,1835,113.753,0.018,3583182973,,,,,,,,,,,,,,,,,,,,,,,,,,,,,,,,,,,,,,,,,,,,,,,,,
TRAR11xAB,F2,2026-03-22,BPS,0.035,Y,14,B1,3,,12,,,,,,,,,,,,,,,,,2304,1,45590,2319,100.648,0,5117117880,,,,,,,,,,,,,,,,,,,,,,,,,,,,,,,,,,,,,,,,,,,,,,,,,
TRAR11xAB,F2,2026-03-22,BPS,0.035,Y,14,B2,3,,12,,,,,,,,,,,,,,,,,2017,1,29807,2815,139.53,0.02,4480915256,,,,,,,,,,,,,,,,,,,,,,,,,,,,,2353,1,65504,5330,226.487,0.072,5227875019,,,,,,,,,,,,,,
TRAR11xAB,F2,2026-03-22,BPS,0.035,,14,B3,3,,12,,,,,,,,,,,,,,,,,1645,1,20052,1530,92.961,0,3655261383,,,,,,,,,,,,,,,,,,,,,,,,,,,,,,,,,,,,,,,,,,,,,,,,,
TRAR11xAB,F2,2026-03-22,BPS,0.035,N,14,B4,3,,,,,,,,,,,,,,,,,,,1872,1,52745,2034,108.658,0,4159201935,,,,,,,,,,,,,,,,,,,,,,,,,,,,,1858,1,65504,3503,188.48,0.006,4128338756,,,,,,,,,,,,,,
TRAR11xAB,F2,2026-03-22,BPS,0.035,N,14,C1,3,,14,,,,,,,,,,,,,,,,,2134,1,31263,3268,153.178,0,4739546627,,,,,,,,,,,,,,,,,,,,,,,,,,,,,2368,1,65504,5117,216.133,0.098,5259365573,,,,,,,,,,,,,,
TRAR11xAB,F2,2026-03-22,BPS,0.035,N,14,C2,3,,12,,,,,,,,,,,,,,,,,1563,1,35340,1621,103.731,0,3471096138,,,,,,,,,,,,,,,,,,,,,,,,,,,,,2088,1,44308,3280,157.084,0,4638604182,,,,,,,,,,,,,,
TRAR11xAB,F2,2026-03-22,BPS,0.035,Y,14,C3,3,,,,,,,,,,,,,,,,,,,2484,1,26904,3242,130.49,0,5518547255,,,,,,,,,,,,,,,,,,,,,,,,,,,,,2090,1,65504,5154,246.651,0.095,4642089121,,,,,,,,,,,,,,
TRAR11xAB,F2,2026-03-22,BPS,0.035,Y,14,C4,3,,,,,,,,,,,,,,,,,,,1485,1,28303,1474,99.274,0,3298911509,,,,,,,,,,,,,,,,,,,,,,,,,,,,,2342,1,65504,7471,318.973,0.269,5203252921,,,,,,,,,,,,,,
TRAR11xAB,F2,2026-03-22,BPS,0.35,N,15,A1,3,,13,,,,,,,,,,,,,,,,,2401,1,41264,3971,165.337,0,5334641743,,,,,,,,,,,,,,,,,,,,,,,,,,,,,2634,1,65504,7724,293.204,0.336,5851625843,,,,,,,,,,,,,,
TRAR11xAB,F2,2026-03-22,BPS,0.35,N,15,A2,3,,13,,,,,,,,,,,,,,,,,1835,1,46015,2273,123.847,0,4077012748,,,,,,,,,,,,,,,,,,,,,,,,,,,,,1886,1,65504,4266,226.172,0.027,4189734880,,,,,,,,,,,,,,
TRAR11xAB,F2,2026-03-22,BPS,0.35,N,15,A3,3,,14,,,,,,,,,,,,,,,,,1525,1,23753,1741,114.125,0,3388222979,,,,,,,,,,,,,,,,,,,,,,,,,,,,,1929,1,65504,5869,304.184,0.152,4285786836,,,,,,,,,,,,,,
TRAR11xAB,F2,2026-03-22,BPS,0.35,Y,15,A4,3,,,,,,,,,,,,,,,,,,,2012,1,26406,2353,116.923,0,4469702077,,,,,,,,,,,,,,,,,,,,,,,,,,,,,,,,,,,,,,,,,,,,,,,,,
TRAR11xAB,F2,2026-03-22,BPS,0.35,N,15,B1,3,,12,,,,,,,,,,,,,,,,,1716,1,47449,2020,117.739,0,3811387805,,,,,,,,,,,,,,,,,,,,,,,,,,,,,1648,1,65504,2783,168.875,0,3660161469,,,,,,,,,,,,,,
TRAR11xAB,F2,2026-03-22,BPS,0.35,N,15,B2,3,,,,,,,,,,,,,,,,,,,1507,1,47459,2098,139.205,0,3348335967,,,,,,,,,,,,,,,,,,,,,,,,,,,,,2548,1,65504,6297,247.133,0.131,5659722356,,,,,,,,,,,,,,
TRAR11xAB,F2,2026-03-22,BPS,0.35,N,15,B3,3,,,,,,,,,,,,,,,,,,,2598,1,37399,3885,149.537,0,5771744592,,,,,,,,,,,,,,,,,,,,,,,,,,,,,2210,1,65504,5351,242.131,0.108,4909338522,,,,,,,,,,,,,,
TRAR11xAB,F2,2026-03-22,BPS,0.35,N,15,B4,3,,,,,,,,,,,,,,,,,,,2467,1,35267,3269,132.511,0,5480750702,,,,,,,,,,,,,,,,,,,,,,,,,,,,,2704,1,65504,6287,232.513,0.135,6006179456,,,,,,,,,,,,,,
TRAR11xAB,F2,2026-03-22,BPS,0.35,N,15,C1,3,,14,,,,,,,,,,,,,,,,,2041,1,37697,2112,103.475,0,4533632734,,,,,,,,,,,,,,,,,,,,,,,,,,,,,1974,1,65504,5184,262.64,0.129,4384928416,,,,,,,,,,,,,,
TRAR11xAB,F2,2026-03-22,BPS,0.35,Y,15,C2,3,,,,,,,,,,,,,,,,,,,1543,1,32837,1572,101.88,0,3426731513,,,,,,,,,,,,,,,,,,,,,,,,,,,,,2275,1,65504,6854,301.229,0.259,5054352643,,,,,,,,,,,,,,
TRAR11xAB,F2,2026-03-22,BPS,0.35,Y,15,C3,3,,,,,,,,,,,,,,,,,,,1649,1,23956,1435,87.027,0,3663943237,,,,,,,,,,,,,,,,,,,,,,,,,,,,,2970,1,65504,8962,301.702,0.416,6598561803,,,,,,,,,,,,,,
TRAR11xAB,F2,2026-03-22,BPS,0.35,N,15,C4,3,,13,,,,,,,,,,,,,,,,,,,,,,,,,,,,,,,,,,,,,,,,,,,,,,,,,,,,2878,1,65504,7536,261.813,0.261,6393678884,,,,,,,,,,,,,,
TRAR11xAB,F2,2026-03-22,BPS,3.5,N,16,A1,3,,13,,,,,,,,,,,,,,,,,2174,1,42720,2485,114.302,0.001,4829757483,,,,,,,,,,,,,,,,,,,,,,,,,,,,,2373,1,65504,5389,227.081,0.124,5271679644,,,,,,,,,,,,,,
TRAR11xAB,F2,2026-03-22,BPS,3.5,Y,16,A2,3,,,,,,,,,,,,,,,,,,,2514,1,23839,2989,118.912,0,5584290654,,,,,,,,,,,,,,,,,,,,,,,,,,,,,,,,,,,,,,,,,,,,,,,,,
TRAR11xAB,F2,2026-03-22,BPS,3.5,N,16,A3,2,,14,,,,,,,,,,,,,,,,,2092,1,32994,3051,145.858,0,4646617834,,,,,,,,,,,,,,,,,,,,,,,,,,,,,,,,,,,,,,,,,,,,,,,,,
TRAR11xAB,F2,2026-03-22,BPS,3.5,,16,A4,3,,12,,,,,,,,,,,,,,,,,1918,1,19413,1648,85.917,0,4260722834,,,,,,,,,,,,,,,,,,,,,,,,,,,,,,,,,,,,,,,,,,,,,,,,,
TRAR11xAB,F2,2026-03-22,BPS,3.5,Y,16,B1,3,,,,,,,,,,,,,,,,,,,2707,1,44123,3448,127.374,0,6013342254,,,,,,,,,,,,,,,,,,,,,,,,,,,,,,,,,,,,,,,,,,,,,,,,,
TRAR11xAB,F2,2026-03-22,BPS,3.5,N,16,B2,3,,,,,,,,,,,,,,,,,,,1472,1,19189,1277,86.781,0,3269640709,,,,,,,,,,,,,,,,,,,,,,,,,,,,,1804,1,65504,5608,310.929,0.159,4006749422,,,,,,,,,,,,,,
TRAR11xAB,F2,2026-03-22,BPS,3.5,Y,16,B3,3,,,,,,,,,,,,,,,,,,,2696,1,38349,3591,133.197,0,5988307267,,,,,,,,,,,,,,,,,,,,,,,,,,,,,3009,1,65504,8185,272.038,0.319,6683900834,,,,,,,,,,,,,,
TRAR11xAB,F2,2026-03-22,BPS,3.5,Y,16,B4,3,,14,,,,,,,,,,,,,,,,,2237,1,35720,2355,105.273,0,4968381838,,,,,,,,,,,,,,,,,,,,,,,,,,,,,2386,1,65504,6391,267.879,0.147,5299938394,,,,,,,,,,,,,,
TRAR11xAB,F2,2026-03-22,BPS,3.5,N,16,C1,3,,14,,,,,,,,,,,,,,,,,2416,1,30605,3173,131.333,0,5367243348,,,,,,,,,,,,,,,,,,,,,,,,,,,,,,,,,,,,,,,,,,,,,,,,,
TRAR11xAB,F2,2026-03-22,BPS,3.5,Y,16,C2,3,,,,,,,,,,,,,,,,,,,2096,1,32562,3593,171.48,0,4655027446,,,,,,,,,,,,,,,,,,,,,,,,,,,,,2410,1,65504,6019,249.741,0.14,5353554958,,,,,,,,,,,,,,
TRAR11xAB,F2,2026-03-22,BPS,3.5,N,16,C3,3,,,,,,,,,,,,,,,,,,,1730,1,24080,2036,117.716,0,3842708369,,,,,,,,,,,,,,,,,,,,,,,,,,,,,2332,1,65504,7434,318.73,0.276,5181165718,,,,,,,,,,,,,,
TRAR11xAB,F2,2026-03-22,BPS,3.5,Y,16,C4,3,,13,,,,,,,,,,,,,,,,,3031,1,41600,4663,153.836,0,6733773168,,,,,,,,,,,,,,,,,,,,,,,,,,,,,,,,,,,,,,,,,,,,,,,,,
TRAR11xAB,F2,2026-03-22,BPS,35,,17,A1,3,,8,,,,,,,,,,,,,,,,,1621,1,28071,2852,175.904,0,3601724450,,,,,,,,,,,,,,,,,,,,,,,,,,,,,,,,,,,,,,,,,,,,,,,,,
TRAR11xAB,F2,2026-03-22,BPS,35,,17,A2,3,,8,,,,,,,,,,,,,,,,,1894,1,48759,2660,140.401,0.055,4208170600,,,,,,,,,,,,,,,,,,,,,,,,,,,,,,,,,,,,,,,,,,,,,,,,,
TRAR11xAB,F2,2026-03-22,BPS,35,Y,17,A3,3,,13,,,,,,,,,,,,,,,,,2663,1,46691,4389,164.823,0,5914555246,,,,,,,,,,,,,,,,,,,,,,,,,,,,,1780,1,65504,5916,332.34,0.163,3954041832,,,,,,,,,,,,,,
TRAR11xAB,F2,2026-03-22,BPS,35,Y,17,A4,3,,14,,,,,,,,,,,,,,,,,1784,1,31734,2047,114.728,0,3963046544,,,,,,,,,,,,,,,,,,,,,,,,,,,,,2270,1,65504,5849,257.594,0.129,5043539839,,,,,,,,,,,,,,
TRAR11xAB,F2,2026-03-22,BPS,35,Y,17,B1,3,,13,,,,,,,,,,,,,,,,,2045,1,38036,3360,164.268,0,4543597449,,,,,,,,,,,,,,,,,,,,,,,,,,,,,2203,1,65504,6102,276.986,0.178,4893508827,,,,,,,,,,,,,,
TRAR11xAB,F2,2026-03-22,BPS,35,N,17,B2,3,,,,,,,,,,,,,,,,,,,1945,1,32497,2915,149.834,0,4320969389,,,,,,,,,,,,,,,,,,,,,,,,,,,,,2193,1,65504,5068,231.084,0.08,4871704876,,,,,,,,,,,,,,
TRAR11xAB,F2,2026-03-22,BPS,35,N,17,B3,3,,,,,,,,,,,,,,,,,,,2496,1,44779,3804,152.391,0,5545525503,,,,,,,,,,,,,,,,,,,,,,,,,,,,,,,,,,,,,,,,,,,,,,,,,
TRAR11xAB,F2,2026-03-22,BPS,35,Y,17,B4,3,,14,,,,,,,,,,,,,,,,,1886,1,37998,2183,115.732,0,4189160026,,,,,,,,,,,,,,,,,,,,,,,,,,,,,2134,1,65504,4995,234.13,0.088,4739405731,,,,,,,,,,,,,,
TRAR11xAB,F2,2026-03-22,BPS,35,Y,17,C1,3,,,,,,,,,,,,,,,,,,,2655,1,38786,3422,128.919,0,5897109517,,,,,,,,,,,,,,,,,,,,,,,,,,,,,2616,1,65504,5693,217.574,0.146,5812129889,,,,,,,,,,,,,,
TRAR11xAB,F2,2026-03-22,BPS,35,N,17,C2,3,,,,,,,,,,,,,,,,,,,2645,1,35762,3632,137.348,0,5874926249,,,,,,,,,,,,,,,,,,,,,,,,,,,,,,,,,,,,,,,,,,,,,,,,,
TRAR11xAB,F2,2026-03-22,BPS,35,Y,17,C3,3,,13,,,,,,,,,,,,,,,,,,,,,,,,,,,,,,,,,,,,,,,,,,,,,,,,,,,,2494,1,65504,4886,195.902,0.053,5540206941,,,,,,,,,,,,,,
TRAR11xAB,F2,2026-03-22,BPS,35,N,17,C4,3,,14,,,,,,,,,,,,,,,,,2507,1,39923,3594,143.388,0,5568062408,,,,,,,,,,,,,,,,,,,,,,,,,,,,,1924,1,65504,5163,268.322,0.096,4274164970,,,,,,,,,,,,,,
TRAR11xAB,F2,2026-03-22,BPS,350,Y,18,A1,3,,,,,,,,,,,,,,,,,,,1494,1,14444,1193,79.865,0.001,3318177615,,,,,,,,,,,,,,,,,,,,,,,,,,,,,1236,1,65504,5850,473.307,0.119,2745816296,,,,,,,,,,,,,,
TRAR11xAB,F2,2026-03-22,BPS,350,Y,18,A2,3,,14,,,,,,,,,,,,,,,,,2094,1,31186,2538,121.171,0,4652265843,,,,,,,,,,,,,,,,,,,,,,,,,,,,,1300,1,65504,5945,457.477,0.167,2886948057,,,,,,,,,,,,,,
TRAR11xAB,F2,2026-03-22,BPS,350,,18,A3,3,,12,7,,,,,,,,,,,,,,,,2260,1,48023,3643,161.205,0,5020312779,,,,,,,,,,,,,,,,,,,,,,,,,,,,,,,,,,,,,,,,,,,,,,,,,
TRAR11xAB,F2,2026-03-22,BPS,350,Y,18,A4,3,,,,,,,,,,,,,,,,,,,1596,1,20606,1378,86.351,0,3545749502,,,,,,,,,,,,,,,,,,,,,,,,,,,,,1867,1,65504,7095,379.965,0.21,4147719417,,,,,,,,,,,,,,
TRAR11xAB,F2,2026-03-22,BPS,350,Y,18,B1,3,,14,,,,,,,,,,,,,,,,,1683,1,23353,1322,78.571,0.013,3738778627,,,,,,,,,,,,,,,,,,,,,,,,,,,,,1532,1,65504,5524,360.669,0.021,3402097361,,,,,,,,,,,,,,
TRAR11xAB,F2,2026-03-22,BPS,350,Y,18,B2,3,,14,,,,,,,,,,,,,,,,,2378,1,33643,3092,130.019,0,5282312416,,,,,,,,,,,,,,,,,,,,,,,,,,,,,1628,1,65504,6167,378.804,0.121,3616713500,,,,,,,,,,,,,,
TRAR11xAB,F2,2026-03-22,BPS,350,Y,18,B3,3,,,,,,,,,,,,,,,,,,,1531,1,25677,1349,88.134,0,3400259394,,,,,,,,,,,,,,,,,,,,,,,,,,,,,1402,1,65504,6843,488.211,0.251,3113391680,,,,,,,,,,,,,,
TRAR11xAB,F2,2026-03-22,BPS,350,Y,18,B4,3,,14,,,,,,,,,,,,,,,,,1711,1,19029,1649,96.372,0,3800112385,,,,,,,,,,,,,,,,,,,,,,,,,,,,,,,,,,,,,,,,,,,,,,,,,
TRAR11xAB,F2,2026-03-22,BPS,350,Y,18,C1,3,,,,,,,,,,,,,,,,,,,2370,1,43506,3277,138.302,0,5264107505,,,,,,,,,,,,,,,,,,,,,,,,,,,,,1974,1,65504,6668,337.772,0.193,4385282748,,,,,,,,,,,,,,
TRAR11xAB,F2,2026-03-22,BPS,350,Y,18,C2,3,,13,,,,,,,,,,,,,,,,,2255,1,37092,3789,168.035,0,5009561030,,,,,,,,,,,,,,,,,,,,,,,,,,,,,1452,1,65504,4892,336.873,0.039,3225627670,,,,,,,,,,,,,,
TRAR11xAB,F2,2026-03-22,BPS,350,N,18,C3,3,,14,,,,,,,,,,,,,,,,,2205,1,36388,3000,136.066,0,4897782752,,,,,,,,,,,,,,,,,,,,,,,,,,,,,1973,1,65504,7053,357.473,0.228,4382641838,,,,,,,,,,,,,,
TRAR11xAB,F2,2026-03-22,BPS,350,N,18,C4,3,,14,,,,,,,,,,,,,,,,,1901,1,35163,2424,127.51,0,4222535421,,,,,,,,,,,,,,,,,,,,,,,,,,,,,1668,1,65504,6132,367.703,0.165,3704211288,,,,,,,,,,,,,,
TRAR11xAB,F2,2026-03-22,BPS,0,Y,19,A1,3,,14,,,,,,,,,,,,,,,,,,,,,,,,1601,1,37899,2715,169.609,0,3556257533,,,,,,,,,,,,,,,,,,,,,,,,,,,,,,,,,,,,,,,,,,
TRAR11xAB,F2,2026-03-22,BPS,0,N,19,A2,3,,,,,,,,,,,,,,,,,,,,,,,,,,2293,1,62419,3805,165.953,0.004,5093142610,,,,,,,,,,,,,,,,,,,,,,,,,,,,,2433,1,65504,8001,328.786,0.328,5405620431,,,,,,,
TRAR11xAB,F2,2026-03-22,BPS,0,N,19,A3,3,,14,,,,,,,,,,,,,,,,,,,,,,,,1614,1,54943,2445,151.529,0,3584995566,,,,,,,,,,,,,,,,,,,,,,,,,,,,,1564,1,65504,3625,231.794,0,3473875466,,,,,,,
TRAR11xAB,F2,2026-03-22,BPS,0,Y,19,A4,3,13,,,,,,,,,,,,,,,,,,,,,,,,,1787,1,28748,2319,129.74,0,3969952032,,,,,,,,,,,,,,,,,,,,,,,,,,,,,1412,1,61708,2876,203.642,0,3137603185,,,,,,,
TRAR11xAB,F2,2026-03-22,BPS,0,M,19,B1,3,12,,,,,,,,,,,,,,,,,,,,,,,,,1072,1,32293,1673,155.994,0,2382209929,,,,,,,,,,,,,,,,,,,,,,,,,,,,,,,,,,,,,,,,,,
TRAR11xAB,F2,2026-03-22,BPS,0,Y,19,B2,3,,,,,,,,,,,,,,,,,,,,,,,,,,1808,1,53297,2672,147.761,0,4016444198,,,,,,,,,,,,,,,,,,,,,,,,,,,,,2226,1,65504,5880,264.115,0.145,4945758844,,,,,,,
TRAR11xAB,F2,2026-03-22,BPS,0,N,19,B3,3,,12,,,,,,,,,,,,,,,,,,,,,,,,1885,1,37444,2704,143.453,0,4187373523,,,,,,,,,,,,,,,,,,,,,,,,,,,,,,,,,,,,,,,,,,
TRAR11xAB,F2,2026-03-22,BPS,0,Y,19,B4,3,,13,,,,,,,,,,,,,,,,,,,,,,,,2301,1,52571,3265,141.888,0,5111392233,,,,,,,,,,,,,,,,,,,,,,,,,,,,,,,,,,,,,,,,,,
TRAR11xAB,F2,2026-03-22,BPS,0,Y,19,C1,3,,,,,,,,,,,,,,,,,,,,,,,,,,2462,1,56974,3733,151.617,0,5469354949,,,,,,,,,,,,,,,,,,,,,,,,,,,,,2149,1,65504,5297,246.511,0.149,4773458500,,,,,,,
TRAR11xAB,F2,2026-03-22,BPS,0,N,19,C2,3,,14,,,,,,,,,,,,,,,,,,,,,,,,1801,1,46207,2301,127.758,0,4000375694,,,,,,,,,,,,,,,,,,,,,,,,,,,,,2703,1,65504,7825,289.503,0.327,6003941520,,,,,,,
TRAR11xAB,F2,2026-03-22,BPS,0,,19,C3,3,,12,,,,,,,,,,,,,,,,,,,,,,,,,,,,,,,,,,,,,,,,,,,,,,,,,,,,,,,,,,,,,,,,,,,,,,,,
TRAR11xAB,F2,2026-03-22,BPS,0,Y,19,C4,3,,,,,,,,,,,,,,,,,,,,,,,,,,1798,1,54789,2462,136.95,0,3994110676,,,,,,,,,,,,,,,,,,,,,,,,,,,,,2374,1,65504,6415,270.182,0.193,5274602965,,,,,,,
TRAR11xAB,F2,2026-03-22,BPS,0.035,Y,20,A1,3,,13,,,,,,,,,,,,,,,,,,,,,,,,,,,,,,,,,,,,,,,,,,,,,,,,,,,,,,,,,,,,,,,,,,,,,,,,
TRAR11xAB,F2,2026-03-22,BPS,0.035,Y,20,A2,3,,,,,,,,,,,,,,,,,,,,,,,,,,1485,1,42167,1817,122.365,0,3298013631,,,,,,,,,,,,,,,,,,,,,,,,,,,,,2147,1,65504,6179,287.733,0.19,4770395656,,,,,,,
TRAR11xAB,F2,2026-03-22,BPS,0.035,Y,20,A3,3,,12,,,,,,,,,,,,,,,,,,,,,,,,2299,1,60654,3546,154.282,0,5105940999,,,,,,,,,,,,,,,,,,,,,,,,,,,,,1816,1,60124,3218,177.17,0,4034497319,,,,,,,
TRAR11xAB,F2,2026-03-22,BPS,0.035,Y,20,A4,3,,,,,,,,,,,,,,,,,,,,,,,,,,1495,1,65504,2078,138.994,0,3320302484,,,,,,,,,,,,,,,,,,,,,,,,,,,,,,,,,,,,,,,,,,
TRAR11xAB,F2,2026-03-22,BPS,0.035,N,20,B1,3,,,,,,,,,,,,,,,,,,,,,,,,,,1725,1,40133,1724,99.967,0.031,3831735393,,,,,,,,,,,,,,,,,,,,,,,,,,,,,2462,1,65504,7274,295.409,0.289,5469899072,,,,,,,
TRAR11xAB,F2,2026-03-22,BPS,0.035,Y,20,B2,3,,14,,,,,,,,,,,,,,,,,,,,,,,,2316,1,35630,3224,139.239,0,5144084977,,,,,,,,,,,,,,,,,,,,,,,,,,,,,2791,1,65504,6658,238.587,0.233,6198931833,,,,,,,
TRAR11xAB,F2,2026-03-22,BPS,0.035,Y,20,B3,3,,13,,,,,,,,,,,,,,,,,,,,,,,,1616,1,65504,2509,155.262,0,3589758899,,,,,,,,,,,,,,,,,,,,,,,,,,,,,2124,1,65504,5382,253.397,0.074,4718108429,,,,,,,
TRAR11xAB,F2,2026-03-22,BPS,0.035,Y,20,B4,3,13,,,,,,,,,,,,,,,,,,,,,,,,,2245,1,35966,3252,144.816,0,4987908550,,,,,,,,,,,,,,,,,,,,,,,,,,,,,2016,1,45098,2704,134.175,0,4477373820,,,,,,,
TRAR11xAB,F2,2026-03-22,BPS,0.035,Y,20,C1,3,,14,,,,,,,,,,,,,,,,,,,,,,,,2029,1,56149,3568,175.878,0,4506172110,,,,,,,,,,,,,,,,,,,,,,,,,,,,,2695,1,65504,6995,259.593,0.23,5986027230,,,,,,,
TRAR11xAB,F2,2026-03-22,BPS,0.035,N,20,C2,3,,,,,,,,,,,,,,,,,,,,,,,,,,2224,1,45832,3589,161.385,0,4939887255,,,,,,,,,,,,,,,,,,,,,,,,,,,,,,,,,,,,,,,,,,
TRAR11xAB,F2,2026-03-22,BPS,0.035,N,20,C3,3,,14,,,,,,,,,,,,,,,,,,,,,,,,2051,1,29115,2673,130.3,0,4557013496,,,,,,,,,,,,,,,,,,,,,,,,,,,,,,,,,,,,,,,,,,
TRAR11xAB,F2,2026-03-22,BPS,0.035,N,20,C4,3,,,,,,,,,,,,,,,,,,,,,,,,,,1312,1,29995,1537,117.169,0,2914037912,,,,,,,,,,,,,,,,,,,,,,,,,,,,,2254,1,65504,6391,283.568,0.227,5006304355,,,,,,,
TRAR11xAB,F2,2026-03-22,BPS,0.35,N,21,A1,3,,12,,,,,,,,,,,,,,,,,,,,,,,,2165,1,65504,4158,192.091,0.008,4808499949,,,,,,,,,,,,,,,,,,,,,,,,,,,,,2077,1,32678,2236,107.626,0,4614080283,,,,,,,
TRAR11xAB,F2,2026-03-22,BPS,0.35,N,21,A2,3,,,,,,,,,,,,,,,,,,,,,,,,,,2142,1,65504,3588,167.511,0,4757767265,,,,,,,,,,,,,,,,,,,,,,,,,,,,,2377,1,65504,6253,263.057,0.179,5280139535,,,,,,,
TRAR11xAB,F2,2026-03-22,BPS,0.35,N,21,A3,3,14,,,,,,,,,,,,,,,,,,,,,,,,,2577,1,54932,4667,181.124,0,5723426129,,,,,,,,,,,,,,,,,,,,,,,,,,,,,2129,1,65504,5049,237.163,0.104,4729322010,,,,,,,
TRAR11xAB,F2,2026-03-22,BPS,0.35,Y,21,A4,3,,12,,,,,,,,,,,,,,,,,,,,,,,,,,,,,,,,,,,,,,,,,,,,,,,,,,,,,,,,,,,,,,,,,,,,,,,,
TRAR11xAB,F2,2026-03-22,BPS,0.35,Y,21,B1,3,,,,,,,,,,,,,,,,,,,,,,,,,,1467,1,33205,2138,145.742,0,3259061792,,,,,,,,,,,,,,,,,,,,,,,,,,,,,,,,,,,,,,,,,,
TRAR11xAB,F2,2026-03-22,BPS,0.35,Y,21,B2,3,,,,,,,,,,,,,,,,,,,,,,,,,,1679,1,65504,3006,179.041,0.002,3729922301,,,,,,,,,,,,,,,,,,,,,,,,,,,,,,,,,,,,,,,,,,
TRAR11xAB,F2,2026-03-22,BPS,0.35,Y,21,B3,4,,12,,,,,,,,,,,,,,,,,,,,,,,,2627,1,46151,4346,165.451,0,5835497483,,,,,,,,,,,,,,,,,,,,,,,,,,,,,,,,,,,,,,,,,,
TRAR11xAB,F2,2026-03-22,BPS,0.35,Y,21,B4,3,,12,,,,,,,,,,,,,,,,,,,,,,,,2105,1,41062,3026,143.717,0,4677053849,,,,,,,,,,,,,,,,,,,,,,,,,,,,,1876,1,65504,3397,181.033,0.001,4167988742,,,,,,,
TRAR11xAB,F2,2026-03-22,BPS,0.35,Y,21,C1,4,,,,,,,,,,,,,,,,,,,,,,,,,,2865,1,54954,4095,142.904,0,6365100312,,,,,,,,,,,,,,,,,,,,,,,,,,,,,3124,1,65504,7399,236.878,0.246,6938587688,,,,,,,
TRAR11xAB,F2,2026-03-22,BPS,0.35,Y,21,C2,3,12,,,,,,,,,,,,,,,,,,,,,,,,,1438,1,38914,2247,156.234,0,3194693533,,,,,,,,,,,,,,,,,,,,,,,,,,,,,1559,1,49411,1931,123.876,0,3463326672,,,,,,,
TRAR11xAB,F2,2026-03-22,BPS,0.35,M,21,C3,3,,12,,,,,,,,,,,,,,,,,,,,,,,,2240,1,37034,3337,148.993,0,4974985770,,,,,,,,,,,,,,,,,,,,,,,,,,,,,,,,,,,,,,,,,,
TRAR11xAB,F2,2026-03-22,BPS,0.35,Y,21,C4,3,,,,,,,,,,,,,,,,,,,,,,,,,,,,,,,,,,,,,,,,,,,,,,,,,,,,,,,,,,,,,,,,,,,,,,,,,,
TRAR11xAB,F2,2026-03-22,BPS,3.5,Y,22,A1,3,,14,,,,,,,,,,,,,,,,,,,,,,,,,,,,,,,,,,,,,,,,,,,,,,,,,,,,,,,,,,,,,,,,,,,,,,,,
TRAR11xAB,F2,2026-03-22,BPS,3.5,Y,22,A2,3,,14,,,,,,,,,,,,,,,,,,,,,,,,1710,1,48748,2361,138.085,0,3798753203,,,,,,,,,,,,,,,,,,,,,,,,,,,,,,,,,,,,,,,,,,
TRAR11xAB,F2,2026-03-22,BPS,3.5,Y,22,A3,3,,,,,,,,,,,,,,,,,,,,,,,,,,1610,1,31937,2176,135.18,0,3576332265,,,,,,,,,,,,,,,,,,,,,,,,,,,,,2761,1,65504,7378,267.182,0.203,6133790884,,,,,,,
TRAR11xAB,F2,2026-03-22,BPS,3.5,N,22,A4,3,,14,,,,,,,,,,,,,,,,,,,,,,,,1964,1,65504,4083,207.911,0.017,4362484367,,,,,,,,,,,,,,,,,,,,,,,,,,,,,1578,1,56325,2188,138.673,0.027,3504371579,,,,,,,
TRAR11xAB,F2,2026-03-22,BPS,3.5,Y,22,B1,3,,,,,,,,,,,,,,,,,,,,,,,,,,2043,1,36111,1905,93.208,0,4539247320,,,,,,,,,,,,,,,,,,,,,,,,,,,,,2664,1,65504,7616,285.824,0.29,5918856788,,,,,,,
TRAR11xAB,F2,2026-03-22,BPS,3.5,Y,22,B2,3,,14,,,,,,,,,,,,,,,,,,,,,,,,2372,1,33794,3321,140.022,0,5268783803,,,,,,,,,,,,,,,,,,,,,,,,,,,,,2505,1,65504,5403,215.698,0.117,5564309819,,,,,,,
TRAR11xAB,F2,2026-03-22,BPS,3.5,Y,22,B3,3,,,,,,,,,,,,,,,,,,,,,,,,,,2160,1,49424,3302,152.837,0,4799156379,,,,,,,,,,,,,,,,,,,,,,,,,,,,,2615,1,65504,6500,248.623,0.2,5807982802,,,,,,,
TRAR11xAB,F2,2026-03-22,BPS,3.5,Y,22,B4,3,,13,,,,,,,,,,,,,,,,,,,,,,,,2563,1,65504,4160,162.348,0.001,5692575203,,,,,,,,,,,,,,,,,,,,,,,,,,,,,2906,1,65504,7394,254.42,0.272,6456010496,,,,,,,
TRAR11xAB,F2,2026-03-22,BPS,3.5,Y,22,C1,3,,,,,,,,,,,,,,,,,,,,,,,,,,2587,1,52085,3199,123.699,0,5745606930,,,,,,,,,,,,,,,,,,,,,,,,,,,,,2642,1,65504,6015,227.637,0.118,5869806186,,,,,,,
TRAR11xAB,F2,2026-03-22,BPS,3.5,Y,22,C2,3,,,,,,,,,,,,,,,,,,,,,,,,,,2357,1,45119,3960,168.001,0,5235447418,,,,,,,,,,,,,,,,,,,,,,,,,,,,,2432,1,65504,4321,177.656,0.016,5403154542,,,,,,,
TRAR11xAB,F2,2026-03-22,BPS,3.5,Y,22,C3,3,,14,,,,,,,,,,,,,,,,,,,,,,,,2382,1,56161,3677,154.326,0,5292425532,,,,,,,,,,,,,,,,,,,,,,,,,,,,,,,,,,,,,,,,,,
TRAR11xAB,F2,2026-03-22,BPS,3.5,N,22,C4,3,,9,,,,,,,,,,,,,,,,,,,,,,,,2573,1,37197,3194,124.155,0,5715000726,,,,,,,,,,,,,,,,,,,,,,,,,,,,,,,,,,,,,,,,,,
TRAR11xAB,F2,2026-03-22,BPS,35,Y,23,A1,3,,,,,,,,,,,,,,,,,,,,,,,,,,1512,1,57666,2361,156.193,0,3358510213,,,,,,,,,,,,,,,,,,,,,,,,,,,,,,,,,,,,,,,,,,
TRAR11xAB,F2,2026-03-22,BPS,35,Y,23,A2,3,,,,,,,,,,,,,,,,,,,,,,,,,,,,,,,,,,,,,,,,,,,,,,,,,,,,,,,,,,,,,,,,,,,,,,,,,,
TRAR11xAB,F2,2026-03-22,BPS,35,N,23,A3,3,,13,,,,,,,,,,,,,,,,,,,,,,,,1708,1,33691,2480,145.158,0,3795172631,,,,,,,,,,,,,,,,,,,,,,,,,,,,,,,,,,,,,,,,,,
TRAR11xAB,F2,2026-03-22,BPS,35,Y,23,A4,3,,11,,,,,,,,,,,,,,,,,,,,,,,,1927,1,39295,2551,132.389,0,4279709169,,,,,,,,,,,,,,,,,,,,,,,,,,,,,,,,,,,,,,,,,,
TRAR11xAB,F2,2026-03-22,BPS,35,Y,23,B1,3,,14,,,,,,,,,,,,,,,,,,,,,,,,,,,,,,,,,,,,,,,,,,,,,,,,,,,,,,,,,,,,,,,,,,,,,,,,
TRAR11xAB,F2,2026-03-22,BPS,35,Y,23,B2,3,,,,,,,,,,,,,,,,,,,,,,,,,,2017,1,46873,3224,159.854,0,4479885302,,,,,,,,,,,,,,,,,,,,,,,,,,,,,3234,1,65504,7864,243.147,0.314,7184314244,,,,,,,
TRAR11xAB,F2,2026-03-22,BPS,35,N,23,B3,3,,13,,,,,,,,,,,,,,,,,,,,,,,,,,,,,,,,,,,,,,,,,,,,,,,,,,,,,,,,,,,2315,1,65504,5153,222.643,0.098,5141656047,,,,,,,
TRAR11xAB,F2,2026-03-22,BPS,35,M,23,B4,3,,12,,,,,,,,,,,,,,,,,,,,,,,,,,,,,,,,,,,,,,,,,,,,,,,,,,,,,,,,,,,,,,,,,,,,,,,,
TRAR11xAB,F2,2026-03-22,BPS,35,Y,23,C1,3,,14,,,,,,,,,,,,,,,,,,,,,,,,2096,1,33123,2955,140.99,0,4655804506,,,,,,,,,,,,,,,,,,,,,,,,,,,,,2533,1,65504,4448,175.623,0.002,5626267146,,,,,,,
TRAR11xAB,F2,2026-03-22,BPS,35,Y,23,C2,4,,,,,,,,,,,,,,,,,,,,,,,,,,,,,,,,,,,,,,,,,,,,,,,,,,,,,,,,,,,,,2466,1,65504,5158,209.156,0.113,5478181288,,,,,,,
TRAR11xAB,F2,2026-03-22,BPS,35,N,23,C3,3,,,,,,,,,,,,,,,,,,,,,,,,,,,,,,,,,,,,,,,,,,,,,,,,,,,,,,,,,,,,,,,,,,,,,,,,,,
TRAR11xAB,F2,2026-03-22,BPS,35,Y,23,C4,3,,,,,,,,,,,,,,,,,,,,,,,,,,1502,1,61575,2649,176.352,0,3336185960,,,,,,,,,,,,,,,,,,,,,,,,,,,,,2637,1,65504,7769,294.57,0.319,5858823506,,,,,,,
TRAR11xAB,F2,2026-03-22,BPS,350,Y,24,A1,4,,,,,,,,,,,,,,,,,,,,,,,,,,,,,,,,,,,,,,,,,,,,,,,,,,,,,,,,,,,,,1802,1,65504,6039,335.058,0.173,4003992427,,,,,,,
TRAR11xAB,F2,2026-03-22,BPS,350,Y,24,A2,3,,,,,,,,,,,,,,,,,,,,,,,,,,2012,1,37821,2176,108.165,0,4469208295,,,,,,,,,,,,,,,,,,,,,,,,,,,,,2168,1,65504,5831,269.032,0.137,4814856922,,,,,,,
TRAR11xAB,F2,2026-03-22,BPS,350,N,24,A3,3,,,,,,,,,,,,,,,,,,,,,,,,,,2201,1,44327,3214,146.027,0,4889012695,,,,,,,,,,,,,,,,,,,,,,,,,,,,,,,,,,,,,,,,,,
TRAR11xAB,F2,2026-03-22,BPS,350,Y,24,A4,3,13,,,,,,,,,,,,,,,,,,,,,,,,,2187,1,46351,2568,117.415,0,4858105253,,,,,,,,,,,,,,,,,,,,,,,,,,,,,1712,1,65504,5128,299.563,0.123,3802637329,,,,,,,
TRAR11xAB,F2,2026-03-22,BPS,350,N,24,B1,3,,13,,,,,,,,,,,,,,,,,,,,,,,,2358,1,49685,3288,139.43,0,5238089313,,,,,,,,,,,,,,,,,,,,,,,,,,,,,,,,,,,,,,,,,,
TRAR11xAB,F2,2026-03-22,BPS,350,N,24,B2,3,,14,,,,,,,,,,,,,,,,,,,,,,,,2488,1,60959,3822,153.618,0,5526370970,,,,,,,,,,,,,,,,,,,,,,,,,,,,,,,,,,,,,,,,,,
TRAR11xAB,F2,2026-03-22,BPS,350,Y,24,B3,3,13,,,,,,,,,,,,,,,,,,,,,,,,,2402,1,38068,3051,127.027,0,5334693774,,,,,,,,,,,,,,,,,,,,,,,,,,,,,1824,1,42502,2351,128.857,0,4052685406,,,,,,,
TRAR11xAB,F2,2026-03-22,BPS,350,Y,24,B4,3,,13,,,,,,,,,,,,,,,,,,,,,,,,1820,1,65504,2801,153.89,0.003,4043590830,,,,,,,,,,,,,,,,,,,,,,,,,,,,,2103,1,65504,5268,250.533,0.096,4670906244,,,,,,,
TRAR11xAB,F2,2026-03-22,BPS,350,N,24,C1,3,,14,,,,,,,,,,,,,,,,,,,,,,,,2442,1,52506,3375,138.178,0,5425358098,,,,,,,,,,,,,,,,,,,,,,,,,,,,,,,,,,,,,,,,,,
TRAR11xAB,F2,2026-03-22,BPS,350,N,24,C2,3,,14,,,,,,,,,,,,,,,,,,,,,,,,,,,,,,,,,,,,,,,,,,,,,,,,,,,,,,,,,,,2221,1,65504,5511,248.147,0.118,4933451439,,,,,,,
TRAR11xAB,F2,2026-03-22,BPS,350,Y,24,C3,3,,,,,,,,,,,,,,,,,,,,,,,,,,2624,1,57839,4176,159.108,0,5829655761,,,,,,,,,,,,,,,,,,,,,,,,,,,,,1868,1,65504,4060,217.395,0.043,4149076680,,,,,,,
TRAR11xAB,F2,2026-03-22,BPS,350,Y,24,C4,3,,14,,,,,,,,,,,,,,,,,,,,,,,,1711,1,32774,1892,110.583,0,3800426531,,,,,,,,,,,,,,,,,,,,,,,,,,,,,2243,1,65504,6383,284.612,0.162,4982037108,,,,,,,
TRAR11xAB,F2,2026-03-22,BPS,0,Y,25,A1,3,,,,,,,,,,,,,,,,,,,,,,,,,,,,,,,,,1529,1,65504,2690,175.919,0,3397211133,,,,,,,,,,,,,,,,,,,,,,,,,,,,,2439,1,65504,7417,304.154,0.296,5416903670
TRAR11xAB,F2,2026-03-22,BPS,0,Y,25,A2,3,,,,,,,,,,,,,,,,,,,,,,,,,,,,,,,,,1684,1,49321,2815,167.172,0,3740270168,,,,,,,,,,,,,,,,,,,,,,,,,,,,,,,,,,,
TRAR11xAB,F2,2026-03-22,BPS,0,Y,25,A3,3,,,,,,,,,,,,,,,,,,,,,,,,,,,,,,,,,1493,1,61130,3998,267.755,0,3316584927,,,,,,,,,,,,,,,,,,,,,,,,,,,,,2944,1,65504,9174,311.615,0.445,6539836586
TRAR11xAB,F2,2026-03-22,BPS,0,Y,25,A4,3,,13,,,,,,,,,,,,,,,,,,,,,,,,,,,,,,,2071,1,65504,3578,172.749,0.001,4600746932,,,,,,,,,,,,,,,,,,,,,,,,,,,,,,,,,,,
TRAR11xAB,F2,2026-03-22,BPS,0,Y,25,B1,3,,,,,,,,,,,,,,,,,,,,,,,,,,,,,,,,,1489,1,65504,2894,194.385,0,3307614220,,,,,,,,,,,,,,,,,,,,,,,,,,,,,,,,,,,
TRAR11xAB,F2,2026-03-22,BPS,0,Y,25,B2,3,5,,,,,,,,,,,,,,,,,,,,,,,,,,,,,,,,1698,1,65504,3352,197.388,0,3772362254,,,,,,,,,,,,,,,,,,,,,,,,,,,,,,,,,,,
TRAR11xAB,F2,2026-03-22,BPS,0,Y,25,B3,3,,14,,,,,,,,,,,,,,,,,,,,,,,,,,,,,,,2255,1,55913,3868,171.557,0,5008552111,,,,,,,,,,,,,,,,,,,,,,,,,,,,,2125,1,65504,4870,229.214,0.052,4719666784
TRAR11xAB,F2,2026-03-22,BPS,0,Y,25,B4,3,,13,,,,,,,,,,,,,,,,,,,,,,,,,,,,,,,2309,1,55679,3768,163.189,0,5129052292,,,,,,,,,,,,,,,,,,,,,,,,,,,,,1979,1,65504,3744,189.142,0.002,4397139139
TRAR11xAB,F2,2026-03-22,BPS,0,N,25,C1,3,,10,,,,,,,,,,,,,,,,,,,,,,,,,,,,,,,1760,1,37983,2252,127.946,0,3909465682,,,,,,,,,,,,,,,,,,,,,,,,,,,,,,,,,,,
TRAR11xAB,F2,2026-03-22,BPS,0,Y,25,C2,3,,14,,,,,,,,,,,,,,,,,,,,,,,,,,,,,,,1449,1,27858,1429,98.66,0,3217928182,,,,,,,,,,,,,,,,,,,,,,,,,,,,,1757,1,65504,3466,197.249,0,3903640762
TRAR11xAB,F2,2026-03-22,BPS,0,Y,25,C3,3,,,,,,,,,,,,,,,,,,,,,,,,,,,,,,,,,2110,1,65504,3030,143.646,0.002,4686008702,,,,,,,,,,,,,,,,,,,,,,,,,,,,,2306,1,65504,5269,228.458,0.108,5122993210
TRAR11xAB,F2,2026-03-22,BPS,0,Y,25,C4,3,,14,,,,,,,,,,,,,,,,,,,,,,,,,,,,,,,1803,1,39060,2328,129.119,0,4005661656,,,,,,,,,,,,,,,,,,,,,,,,,,,,,,,,,,,
TRAR11xAB,F2,2026-03-22,BPS,0.035,N,26,A1,3,,,,,,,,,,,,,,,,,,,,,,,,,,,,,,,,,1959,1,50056,2564,130.925,0.001,4350708323,,,,,,,,,,,,,,,,,,,,,,,,,,,,,2070,1,65504,5657,273.321,0.238,4597809836
TRAR11xAB,F2,2026-03-22,BPS,0.035,Y,26,A2,3,,,,,,,,,,,,,,,,,,,,,,,,,,,,,,,,,,,,,,,,,,,,,,,,,,,,,,,,,,,,,,,,,,,,,,,,,,
TRAR11xAB,F2,2026-03-22,BPS,0.035,N,26,A3,3,,13,,,,,,,,,,,,,,,,,,,,,,,,,,,,,,,1716,1,56693,2505,145.988,0,3811513724,,,,,,,,,,,,,,,,,,,,,,,,,,,,,,,,,,,
TRAR11xAB,F2,2026-03-22,BPS,0.035,N,26,A4,3,,,,,,,,,,,,,,,,,,,,,,,,,,,,,,,,,1642,1,27640,1568,95.53,0,3647146199,,,,,,,,,,,,,,,,,,,,,,,,,,,,,,,,,,,
TRAR11xAB,F2,2026-03-22,BPS,0.035,Y,26,B1,3,,,,,,,,,,,,,,,,,,,,,,,,,,,,,,,,,,,,,,,,,,,,,,,,,,,,,,,,,,,,,,,,,,,,2681,1,65504,6784,253.084,0.162,5954762226
TRAR11xAB,F2,2026-03-22,BPS,0.035,N,26,B2,3,,11,,,,,,,,,,,,,,,,,,,,,,,,,,,,,,,1630,1,35131,2067,126.832,0,3620875477,,,,,,,,,,,,,,,,,,,,,,,,,,,,,2214,1,65504,4564,206.154,0.014,4918190510
TRAR11xAB,F2,2026-03-22,BPS,0.035,N,26,B3,3,,12,,,,,,,,,,,,,,,,,,,,,,,,,,,,,,,1613,1,65504,3253,201.7,0,3582761755,,,,,,,,,,,,,,,,,,,,,,,,,,,,,1859,1,65504,3021,162.526,0.003,4129033042
TRAR11xAB,F2,2026-03-22,BPS,0.035,Y,26,B4,3,,13,,,,,,,,,,,,,,,,,,,,,,,,,,,,,,,1945,1,65504,3301,169.709,0,4320174207,,,,,,,,,,,,,,,,,,,,,,,,,,,,,2364,1,65504,5511,233.089,0.136,5251795977
TRAR11xAB,F2,2026-03-22,BPS,0.035,Y,26,C1,3,,,,,,,,,,,,,,,,,,,,,,,,,,,,,,,,,1677,1,65504,2163,128.989,0,3725318033,,,,,,,,,,,,,,,,,,,,,,,,,,,,,2612,1,65504,6347,242.994,0.141,5802056266
TRAR11xAB,F2,2026-03-22,BPS,0.035,N,26,C2,3,,14,,,,,,,,,,,,,,,,,,,,,,,,,,,,,,,1862,1,61846,3335,179.148,0,4135498803,,,,,,,,,,,,,,,,,,,,,,,,,,,,,,,,,,,
TRAR11xAB,F2,2026-03-22,BPS,0.035,Y,26,C3,3,,,,,,,,,,,,,,,,,,,,,,,,,,,,,,,,,1519,1,65504,2896,190.716,0,3373528655,,,,,,,,,,,,,,,,,,,,,,,,,,,,,,,,,,,
TRAR11xAB,F2,2026-03-22,BPS,0.035,Y,26,C4,3,,,,,,,,,,,,,,,,,,,,,,,,,,,,,,,,,1924,1,65504,2589,134.572,0,4274264634,,,,,,,,,,,,,,,,,,,,,,,,,,,,,2500,1,65504,6947,277.896,0.218,5553455829
TRAR11xAB,F2,2026-03-22,BPS,0.35,Y,27,A1,3,10,,,,,,,,,,,,,,,,,,,,,,,,,,,,,,,,1371,1,55817,3142,229.199,0,3044992808,,,,,,,,,,,,,,,,,,,,,,,,,,,,,2272,1,65504,7765,341.772,0.272,5047119238
TRAR11xAB,F2,2026-03-22,BPS,0.35,N,27,A2,3,,5,,,,,,,,,,,,,,,,,,,,,,,,,,,,,,,1522,1,65055,3218,211.359,0,3382039437,,,,,,,,,,,,,,,,,,,,,,,,,,,,,,,,,,,
TRAR11xAB,F2,2026-03-22,BPS,0.35,N,27,A3,3,,,,,,,,,,,,,,,,,,,,,,,,,,,,,,,,,2108,1,63664,4001,189.739,0,4683684872,,,,,,,,,,,,,,,,,,,,,,,,,,,,,2953,1,65504,8219,278.386,0.376,6558629086
TRAR11xAB,F2,2026-03-22,BPS,0.35,N,27,A4,2,,,,,,,,,,,,,,,,,,,,,,,,,,,,,,,,,1324,1,58669,2615,197.484,0,2941425326,,,,,,,,,,,,,,,,,,,,,,,,,,,,,2160,1,65504,6170,285.701,0.182,4797557267
TRAR11xAB,F2,2026-03-22,BPS,0.35,Y,27,B1,3,,,,,,,,,,,,,,,,,,,,,,,,,,,,,,,,,1806,1,42705,2923,161.878,0.007,4010749742,,,,,,,,,,,,,,,,,,,,,,,,,,,,,2175,1,65504,6047,278.061,0.13,4830954004
TRAR11xAB,F2,2026-03-22,BPS,0.35,Y,27,B2,3,,,,,,,,,,,,,,,,,,,,,,,,,,,,,,,,,1851,1,47207,2872,155.167,0,4111038907,,,,,,,,,,,,,,,,,,,,,,,,,,,,,2591,1,65504,7206,278.134,0.268,5754913638
TRAR11xAB,F2,2026-03-22,BPS,0.35,Y,27,B3,3,,,,,,,,,,,,,,,,,,,,,,,,,,,,,,,,,1867,1,43566,3055,163.62,0,4146941575,,,,,,,,,,,,,,,,,,,,,,,,,,,,,,,,,,,
TRAR11xAB,F2,2026-03-22,BPS,0.35,Y,27,B4,3,,,,,,,,,,,,,,,,,,,,,,,,,,,,,,,,,2418,1,65504,4152,171.731,0,5371136180,,,,,,,,,,,,,,,,,,,,,,,,,,,,,2829,1,65504,7543,266.605,0.269,6284813136
TRAR11xAB,F2,2026-03-22,BPS,0.35,N,27,C1,3,,,,,,,,,,,,,,,,,,,,,,,,,,,,,,,,,2308,1,65504,4154,179.948,0.012,5127617018,,,,,,,,,,,,,,,,,,,,,,,,,,,,,2891,1,65504,8090,279.855,0.269,6421408675
TRAR11xAB,F2,2026-03-22,BPS,0.35,Y,27,C2,3,,,,,,,,,,,,,,,,,,,,,,,,,,,,,,,,,2134,1,55450,3012,141.11,0,4741476142,,,,,,,,,,,,,,,,,,,,,,,,,,,,,,,,,,,
TRAR11xAB,F2,2026-03-22,BPS,0.35,Y,27,C3,3,,,,,,,,,,,,,,,,,,,,,,,,,,,,,,,,,2534,1,65504,4717,186.181,0.009,5628097605,,,,,,,,,,,,,,,,,,,,,,,,,,,,,,,,,,,
TRAR11xAB,F2,2026-03-22,BPS,0.35,Y,27,C4,4,,,,,,,,,,,,,,,,,,,,,,,,,,,,,,,,,1955,1,65504,3929,201.009,0.02,4342355185,,,,,,,,,,,,,,,,,,,,,,,,,,,,,2312,1,65504,6972,301.484,0.246,5136751508
TRAR11xAB,F2,2026-03-22,BPS,3.5,Y,28,A1,3,,,,,,,,,,,,,,,,,,,,,,,,,,,,,,,,,,,,,,,,,,,,,,,,,,,,,,,,,,,,,,,,,,,,2687,1,65504,7971,296.629,0.328,5969337914
TRAR11xAB,F2,2026-03-22,BPS,3.5,Y,28,A2,3,,14,,,,,,,,,,,,,,,,,,,,,,,,,,,,,,,1922,1,65504,2673,139.058,0,4270427548,,,,,,,,,,,,,,,,,,,,,,,,,,,,,2696,1,65504,7147,265.038,0.201,5989903963
TRAR11xAB,F2,2026-03-22,BPS,3.5,Y,28,A3,3,,,,,,,,,,,,,,,,,,,,,,,,,,,,,,,,,1636,1,51937,2959,180.802,0,3635250443,,,,,,,,,,,,,,,,,,,,,,,,,,,,,,,,,,,
TRAR11xAB,F2,2026-03-22,BPS,3.5,Y,28,A4,3,,,,,,,,,,,,,,,,,,,,,,,,,,,,,,,,,1828,1,55113,2863,156.645,0,4059710859,,,,,,,,,,,,,,,,,,,,,,,,,,,,,2367,1,65504,6783,286.59,0.188,5257666690
TRAR11xAB,F2,2026-03-22,BPS,3.5,Y,28,B1,3,,,,,,,,,,,,,,,,,,,,,,,,,,,,,,,,,2168,1,58097,3134,144.599,0,4815179880,,,,,,,,,,,,,,,,,,,,,,,,,,,,,2684,1,65504,8459,315.206,0.32,5961413048
TRAR11xAB,F2,2026-03-22,BPS,3.5,N,28,B2,3,,13,,,,,,,,,,,,,,,,,,,,,,,,,,,,,,,1876,1,65504,3915,208.729,0.027,4167031576,,,,,,,,,,,,,,,,,,,,,,,,,,,,,1861,1,65504,5198,279.328,0.08,4133892386
TRAR11xAB,F2,2026-03-22,BPS,3.5,Y,28,B3,3,,13,,,,,,,,,,,,,,,,,,,,,,,,,,,,,,,1932,1,65504,3575,185.091,0.006,4291053182,,,,,,,,,,,,,,,,,,,,,,,,,,,,,1750,1,41483,2930,167.397,0,3888054844
TRAR11xAB,F2,2026-03-22,BPS,3.5,N,28,B4,3,,,,,,,,,,,,,,,,,,,,,,,,,,,,,,,,,2090,1,65504,4255,203.578,0.007,4642436201,,,,,,,,,,,,,,,,,,,,,,,,,,,,,2338,1,65504,5956,254.708,0.166,5194192124
TRAR11xAB,F2,2026-03-22,BPS,3.5,Y,28,C1,3,,14,,,,,,,,,,,,,,,,,,,,,,,,,,,,,,,2154,1,33411,2997,139.135,0,4785529911,,,,,,,,,,,,,,,,,,,,,,,,,,,,,2226,1,65504,5670,254.736,0.079,4944515816
TRAR11xAB,F2,2026-03-22,BPS,3.5,N,28,C2,3,,,,,,,,,,,,,,,,,,,,,,,,,,,,,,,,,1673,1,50786,2670,159.586,0,3716232682,,,,,,,,,,,,,,,,,,,,,,,,,,,,,2104,1,65504,6052,287.577,0.17,4674814276
TRAR11xAB,F2,2026-03-22,BPS,3.5,Y,28,C3,3,,,,,,,,,,,,,,,,,,,,,,,,,,,,,,,,,1580,1,65504,3252,205.839,0.011,3509188684,,,,,,,,,,,,,,,,,,,,,,,,,,,,,1969,1,65504,6057,307.657,0.102,4373268483
TRAR11xAB,F2,2026-03-22,BPS,3.5,Y,28,C4,3,,,,,,,,,,,,,,,,,,,,,,,,,,,,,,,,,1677,1,65504,2275,135.658,0,3725295456,,,,,,,,,,,,,,,,,,,,,,,,,,,,,2168,1,65504,5767,265.982,0.139,4816623632
TRAR11xAB,F2,2026-03-22,BPS,35,Y,29,A1,3,,,,,,,,,,,,,,,,,,,,,,,,,,,,,,,,,1779,1,65504,3846,216.21,0.017,3951911748,,,,,,,,,,,,,,,,,,,,,,,,,,,,,,,,,,,
TRAR11xAB,F2,2026-03-22,BPS,35,Y,29,A2,3,,,,,,,,,,,,,,,,,,,,,,,,,,,,,,,,,2133,1,65504,5157,241.809,0.087,4737790451,,,,,,,,,,,,,,,,,,,,,,,,,,,,,2475,1,65504,6916,279.382,0.182,5498552680
TRAR11xAB,F2,2026-03-22,BPS,35,Y,29,A3,3,,14,,,,,,,,,,,,,,,,,,,,,,,,,,,,,,,1466,1,65504,3898,265.953,0.036,3256076396,,,,,,,,,,,,,,,,,,,,,,,,,,,,,,,,,,,
TRAR11xAB,F2,2026-03-22,BPS,35,N,29,A4,3,,,,,,,,,,,,,,,,,,,,,,,,,,,,,,,,,1460,1,59588,3291,225.356,0,3243773487,,,,,,,,,,,,,,,,,,,,,,,,,,,,,1887,1,65504,6125,324.577,0.195,4191672054
TRAR11xAB,F2,2026-03-22,BPS,35,Y,29,B1,3,,,,,,,,,,,,,,,,,,,,,,,,,,,,,,,,,1970,1,65504,3251,165.007,0,4376149558,,,,,,,,,,,,,,,,,,,,,,,,,,,,,2446,1,65504,6991,285.778,0.22,5434146661
TRAR11xAB,F2,2026-03-22,BPS,35,Y,29,B2,3,,13,,,,,,,,,,,,,,,,,,,,,,,,,,,,,,,1506,1,43225,2202,146.215,0.003,3344781755,,,,,,,,,,,,,,,,,,,,,,,,,,,,,1641,1,65504,3425,208.785,0.003,3644225128
TRAR11xAB,F2,2026-03-22,BPS,35,Y,29,B3,3,,13,,,,,,,,,,,,,,,,,,,,,,,,,,,,,,,2071,1,65504,4138,199.808,0.023,4600772567,,,,,,,,,,,,,,,,,,,,,,,,,,,,,,,,,,,
TRAR11xAB,F2,2026-03-22,BPS,35,Y,29,B4,4,,,,,,,,,,,,,,,,,,,,,,,,,,,,,,,,,1627,1,65504,3335,204.915,0,3615134214,,,,,,,,,,,,,,,,,,,,,,,,,,,,,,,,,,,
TRAR11xAB,F2,2026-03-22,BPS,35,Y,29,C1,4,,14,,,,,,,,,,,,,,,,,,,,,,,,,,,,,,,1788,1,46729,2596,145.193,0,3971515086,,,,,,,,,,,,,,,,,,,,,,,,,,,,,1837,1,65504,4737,257.9,0.096,4079945214
TRAR11xAB,F2,2026-03-22,BPS,35,Y,29,C2,3,,,,,,,,,,,,,,,,,,,,,,,,,,,,,,,,,1813,1,65504,3440,189.767,0.023,4027060017,,,,,,,,,,,,,,,,,,,,,,,,,,,,,1761,1,65504,3144,178.58,0.002,3910979347
TRAR11xAB,F2,2026-03-22,BPS,35,N,29,C3,3,,12,,,,,,,,,,,,,,,,,,,,,,,,,,,,,,,1297,1,43736,1852,142.816,0,2881197086,,,,,,,,,,,,,,,,,,,,,,,,,,,,,1371,1,49185,2769,202.009,0,3044455778
TRAR11xAB,F2,2026-03-22,BPS,35,Y,29,C4,3,,11,,,,,,,,,,,,,,,,,,,,,,,,,,,,,,,1520,1,44001,2619,172.392,0,3375392676,,,,,,,,,,,,,,,,,,,,,,,,,,,,,1509,1,62145,1977,131.01,0,3352243927
TRAR11xAB,F2,2026-03-22,BPS,350,Y,30,A1,4,,11,,,,,,,,,,,,,,,,,,,,,,,,,,,,,,,2035,1,65504,4442,218.275,0.023,4520190245,,,,,,,,,,,,,,,,,,,,,,,,,,,,,1536,1,37278,2702,175.883,0,3412609947
TRAR11xAB,F2,2026-03-22,BPS,350,Y,30,A2,3,,,,,,,,,,,,,,,,,,,,,,,,,,,,,,,,,2252,1,65504,3436,152.601,0.001,5001664118,,,,,,,,,,,,,,,,,,,,,,,,,,,,,2603,1,65504,7088,272.329,0.218,5781439555
TRAR11xAB,F2,2026-03-22,BPS,350,Y,30,A3,3,,12,,,,,,,,,,,,,,,,,,,,,,,,,,,,,,,2216,1,65504,4846,218.704,0.025,4921928589,,,,,,,,,,,,,,,,,,,,,,,,,,,,,1674,1,65504,3764,224.883,0.003,3717996662
TRAR11xAB,F2,2026-03-22,BPS,350,M,30,A4,3,,,,,,,,,,,,,,,,,,,,,,,,,,,,,,,,,2026,1,65504,4011,197.93,0.008,4501098043,,,,,,,,,,,,,,,,,,,,,,,,,,,,,,,,,,,
TRAR11xAB,F2,2026-03-22,BPS,350,Y,30,B1,2,,,,,,,,,,,,,,,,,,,,,,,,,,,,,,,,,2207,1,58095,3368,152.591,0,4903284010,,,,,,,,,,,,,,,,,,,,,,,,,,,,,1832,1,35787,2421,132.157,0,4069942665
TRAR11xAB,F2,2026-03-22,BPS,350,Y,30,B2,3,,,,,,,,,,,,,,,,,,,,,,,,,,,,,,,,,1924,1,46678,2817,146.398,0,4274860722,,,,,,,,,,,,,,,,,,,,,,,,,,,,,3068,1,65504,7156,233.215,0.236,6816226157
TRAR11xAB,F2,2026-03-22,BPS,350,Y,30,B3,3,,,,,,,,,,,,,,,,,,,,,,,,,,,,,,,,,2182,1,35161,3471,159.108,0,4846361695,,,,,,,,,,,,,,,,,,,,,,,,,,,,,3130,1,65504,8901,284.407,0.425,6952311101
TRAR11xAB,F2,2026-03-22,BPS,350,N,30,B4,3,,,,,,,,,,,,,,,,,,,,,,,,,,,,,,,,,1928,1,65504,3941,204.447,0.009,4282502798,,,,,,,,,,,,,,,,,,,,,,,,,,,,,2418,1,65504,7402,306.093,0.267,5372134405
TRAR11xAB,F2,2026-03-22,BPS,350,M,30,C1,3,,13,,,,,,,,,,,,,,,,,,,,,,,,,,,,,,,1323,1,65504,2201,166.44,0.042,2937792223,,,,,,,,,,,,,,,,,,,,,,,,,,,,,,,,,,,
TRAR11xAB,F2,2026-03-22,BPS,350,M,30,C2,3,,14,,,,,,,,,,,,,,,,,,,,,,,,,,,,,,,1822,1,65504,4043,221.915,0.025,4047057304,,,,,,,,,,,,,,,,,,,,,,,,,,,,,,,,,,,
TRAR11xAB,F2,2026-03-22,BPS,350,N,30,C3,3,,11,,,,,,,,,,,,,,,,,,,,,,,,,,,,,,,2181,1,65504,4196,192.377,0.032,4845602019,,,,,,,,,,,,,,,,,,,,,,,,,,,,,2169,1,65504,5121,236.072,0.049,4818982490
TRAR11xAB,F2,2026-03-22,BPS,350,Y,30,C4,3,,,,,,,,,,,,,,,,,,,,,,,,,,,,,,,,,2156,1,62838,5336,247.506,0,4789316417,,,,,,,,,,,,,,,,,,,,,,,,,,,,,3116,1,65504,7720,247.717,0.273,6922479580
